#SFIAB SQL BACKUP: Tue, 21 Nov 2017 20:19:01 -0700
#SFIAB VERSION: 2.3.0
#SFIAB DB VERSION: 171
#SFIAB FAIR NAME: RegionalScienceFair
#-------------------------------------------------
#TABLE: award_awards
#TABLE: award_awards_projectcategories
#TABLE: award_awards_projectdivisions
#TABLE: award_prizes
#TABLE: award_types
INSERT INTO `award_types` (`id`,`type`,`order`,`year`) VALUES ('1','Divisional','1','-1');
INSERT INTO `award_types` (`id`,`type`,`order`,`year`) VALUES ('1','Divisional','1','2018');
INSERT INTO `award_types` (`id`,`type`,`order`,`year`) VALUES ('2','Special','2','-1');
INSERT INTO `award_types` (`id`,`type`,`order`,`year`) VALUES ('2','Special','2','2018');
INSERT INTO `award_types` (`id`,`type`,`order`,`year`) VALUES ('3','Interdisciplinary','3','-1');
INSERT INTO `award_types` (`id`,`type`,`order`,`year`) VALUES ('3','Interdisciplinary','3','2018');
INSERT INTO `award_types` (`id`,`type`,`order`,`year`) VALUES ('4','Grand','5','-1');
INSERT INTO `award_types` (`id`,`type`,`order`,`year`) VALUES ('4','Grand','5','2018');
INSERT INTO `award_types` (`id`,`type`,`order`,`year`) VALUES ('5','Other','4','-1');
INSERT INTO `award_types` (`id`,`type`,`order`,`year`) VALUES ('5','Other','4','2018');
#TABLE: cms
INSERT INTO `cms` (`id`,`filename`,`dt`,`lang`,`title`,`text`,`showlogo`) VALUES ('1','index.html','0000-00-00 00:00:00','en','','Welcome to the online registration and management system for the fair.  Using the links on the left the public can register as a participant or register as a judge. \r\n\r\nThe committee can use the Fair Administration link to manage the fair, see who''s registered, generate reports, etc.  \r\n\r\nThe SFIAB configuration link is for the committee webmaster to manage the configuration of the Science Fair In A Box for the fair.\r\n','1');
#TABLE: committees
#TABLE: committees_link
#TABLE: config
INSERT INTO `config` (`var`,`val`,`category`,`type`,`type_values`,`ord`,`description`,`year`) VALUES ('charity_number','','Fundraising','text','','200','Charity Registration Number','-1');
INSERT INTO `config` (`var`,`val`,`category`,`type`,`type_values`,`ord`,`description`,`year`) VALUES ('charity_number','','Fundraising','text','','200','Charity Registration Number','2018');
INSERT INTO `config` (`var`,`val`,`category`,`type`,`type_values`,`ord`,`description`,`year`) VALUES ('committee_personal_fields','phonehome,phonecell,phonework,fax,org','Committee Members','multisel','sex=Gender|phonehome=Home Phone|phonework=Work Phone|phonecell=Cell Phone|fax=Fax|org=Organization|birthdate=Birthdate|lang=Preferred Language|address=Address and PostalCode|city=City|province=Province|firstaid=First Aid and CPR','500','Personal Information to ask for on the Committee Member profile page (in addition to Name and Email)','-1');
INSERT INTO `config` (`var`,`val`,`category`,`type`,`type_values`,`ord`,`description`,`year`) VALUES ('committee_personal_fields','phonehome,phonecell,phonework,fax,org','Committee Members','multisel','sex=Gender|phonehome=Home Phone|phonework=Work Phone|phonecell=Cell Phone|fax=Fax|org=Organization|birthdate=Birthdate|lang=Preferred Language|address=Address and PostalCode|city=City|province=Province|firstaid=First Aid and CPR','500','Personal Information to ask for on the Committee Member profile page (in addition to Name and Email)','2018');
INSERT INTO `config` (`var`,`val`,`category`,`type`,`type_values`,`ord`,`description`,`year`) VALUES ('committee_personal_required','','Committee Members','multisel','sex=Gender|phonehome=Home Phone|phonework=Work Phone|phonecell=Cell Phone|fax=Fax|org=Organization|birthdate=Birthdate|lang=Preferred Language|address=Address and PostalCode|city=City|province=Province|firstaid=First Aid and CPR','600','Required Personal Information on the Committee Member profile page (Name and Email is always required)','-1');
INSERT INTO `config` (`var`,`val`,`category`,`type`,`type_values`,`ord`,`description`,`year`) VALUES ('committee_personal_required','','Committee Members','multisel','sex=Gender|phonehome=Home Phone|phonework=Work Phone|phonecell=Cell Phone|fax=Fax|org=Organization|birthdate=Birthdate|lang=Preferred Language|address=Address and PostalCode|city=City|province=Province|firstaid=First Aid and CPR','600','Required Personal Information on the Committee Member profile page (Name and Email is always required)','2018');
INSERT INTO `config` (`var`,`val`,`category`,`type`,`type_values`,`ord`,`description`,`year`) VALUES ('committee_publiclayout','<tr><td>   <b>name</b></td><td>title</td><td>email</td></tr>','Global','','','500','The layout (html table row) used to display the committee members on the public committee page','-1');
INSERT INTO `config` (`var`,`val`,`category`,`type`,`type_values`,`ord`,`description`,`year`) VALUES ('committee_publiclayout','<tr><td>   <b>name</b></td><td>title</td><td>email</td></tr>','Global','','','500','The layout (html table row) used to display the committee members on the public committee page','2018');
INSERT INTO `config` (`var`,`val`,`category`,`type`,`type_values`,`ord`,`description`,`year`) VALUES ('country','CA','Localization','text','','90','Country code (<a href="http://www.iso.org/iso/country_codes/iso_3166_code_lists/english_country_names_and_code_elements.htm" target="_blank">look up 2 letter code</a>)','-1');
INSERT INTO `config` (`var`,`val`,`category`,`type`,`type_values`,`ord`,`description`,`year`) VALUES ('country','CA','Localization','text','','90','Country code (<a href="http://www.iso.org/iso/country_codes/iso_3166_code_lists/english_country_names_and_code_elements.htm" target="_blank">look up 2 letter code</a>)','2018');
INSERT INTO `config` (`var`,`val`,`category`,`type`,`type_values`,`ord`,`description`,`year`) VALUES ('dateformat','Y-m-d','Localization','text','','200','Date format (<a href="http://www.php.net/manual/en/function.date.php" target="_blank">formatting options</a>)','-1');
INSERT INTO `config` (`var`,`val`,`category`,`type`,`type_values`,`ord`,`description`,`year`) VALUES ('dateformat','Y-m-d','Localization','text','','200','Date format (<a href="http://www.php.net/manual/en/function.date.php" target="_blank">formatting options</a>)','2018');
INSERT INTO `config` (`var`,`val`,`category`,`type`,`type_values`,`ord`,`description`,`year`) VALUES ('DBVERSION','171','Special','','','0','','0');
INSERT INTO `config` (`var`,`val`,`category`,`type`,`type_values`,`ord`,`description`,`year`) VALUES ('default_language','en','Global','language','','200','The default language if no language has yet been specified','-1');
INSERT INTO `config` (`var`,`val`,`category`,`type`,`type_values`,`ord`,`description`,`year`) VALUES ('default_language','en','Global','language','','200','The default language if no language has yet been specified','2018');
INSERT INTO `config` (`var`,`val`,`category`,`type`,`type_values`,`ord`,`description`,`year`) VALUES ('effort','10000','Judge Scheduler','enum','100=Low|1000=Medium|10000=High','100','This controls how long and hard the judge scheduler will look for a scheduling solution. Low effort will finish almost instantly but give a very poor result. High effort can take several tens of minutes to run, but it gives a very good solution.','-1');
INSERT INTO `config` (`var`,`val`,`category`,`type`,`type_values`,`ord`,`description`,`year`) VALUES ('effort','10000','Judge Scheduler','enum','100=Low|1000=Medium|10000=High','100','This controls how long and hard the judge scheduler will look for a scheduling solution. Low effort will finish almost instantly but give a very poor result. High effort can take several tens of minutes to run, but it gives a very good solution.','2018');
INSERT INTO `config` (`var`,`val`,`category`,`type`,`type_values`,`ord`,`description`,`year`) VALUES ('emailqueue_lock','','Special','','','0','The current lock datetime of the email sending queue, or empty if not locked','0');
INSERT INTO `config` (`var`,`val`,`category`,`type`,`type_values`,`ord`,`description`,`year`) VALUES ('fairmanageremail','','Global','','','300','The email address of the ''fair manager''.  Any important emails etc generated by the system will be sent here','-1');
INSERT INTO `config` (`var`,`val`,`category`,`type`,`type_values`,`ord`,`description`,`year`) VALUES ('fairmanageremail','daveerickson@shaw.ca','Global','','','300','The email address of the ''fair manager''.  Any important emails etc generated by the system will be sent here','2018');
INSERT INTO `config` (`var`,`val`,`category`,`type`,`type_values`,`ord`,`description`,`year`) VALUES ('fairname','','Global','','','100','Name of the fair','-1');
INSERT INTO `config` (`var`,`val`,`category`,`type`,`type_values`,`ord`,`description`,`year`) VALUES ('fairname','RegionalScienceFair','Global','','','100','Name of the fair','2018');
INSERT INTO `config` (`var`,`val`,`category`,`type`,`type_values`,`ord`,`description`,`year`) VALUES ('fairs_allow_login','no','Science Fairs','yesno','','200','Allow feeder fairs to login an enter stats and winners.  If set to ''no'', they will only be able to download and upload awards using the SFIAB award download/upload mechanism.','-1');
INSERT INTO `config` (`var`,`val`,`category`,`type`,`type_values`,`ord`,`description`,`year`) VALUES ('fairs_allow_login','no','Science Fairs','yesno','','200','Allow feeder fairs to login an enter stats and winners.  If set to ''no'', they will only be able to download and upload awards using the SFIAB award download/upload mechanism.','2018');
INSERT INTO `config` (`var`,`val`,`category`,`type`,`type_values`,`ord`,`description`,`year`) VALUES ('fairs_enable','no','Science Fairs','yesno','','100','Enable the Science Fair.  Science Fairs can download awards tagged as ''downloadable'', and can upload winners of those awards directly into this system (optionally creating accounts for all students).  There are also options to collect stats from these fairs.','-1');
INSERT INTO `config` (`var`,`val`,`category`,`type`,`type_values`,`ord`,`description`,`year`) VALUES ('fairs_enable','no','Science Fairs','yesno','','100','Enable the Science Fair.  Science Fairs can download awards tagged as ''downloadable'', and can upload winners of those awards directly into this system (optionally creating accounts for all students).  There are also options to collect stats from these fairs.','2018');
INSERT INTO `config` (`var`,`val`,`category`,`type`,`type_values`,`ord`,`description`,`year`) VALUES ('fairs_name','Science','Feeder Fairs','text','','300','What level the feeder fairs are.  For example, ''School'' , ''Regional'', or just ''Science'' for a generic ''Science Fair''','-1');
INSERT INTO `config` (`var`,`val`,`category`,`type`,`type_values`,`ord`,`description`,`year`) VALUES ('fairs_name','Science','Feeder Fairs','text','','300','What level the feeder fairs are.  For example, ''School'' , ''Regional'', or just ''Science'' for a generic ''Science Fair''','2018');
INSERT INTO `config` (`var`,`val`,`category`,`type`,`type_values`,`ord`,`description`,`year`) VALUES ('FAIRYEAR','2018','Special','','','0','','0');
INSERT INTO `config` (`var`,`val`,`category`,`type`,`type_values`,`ord`,`description`,`year`) VALUES ('filterdivisionbycategory','no','Global','yesno','','400','Allows for the setup of different divisions for each category','-1');
INSERT INTO `config` (`var`,`val`,`category`,`type`,`type_values`,`ord`,`description`,`year`) VALUES ('filterdivisionbycategory','no','Global','yesno','','400','Allows for the setup of different divisions for each category','2018');
INSERT INTO `config` (`var`,`val`,`category`,`type`,`type_values`,`ord`,`description`,`year`) VALUES ('FISCALYEAR','2010','Special','','','0','The current fiscal year that the fundraising module is using','0');
INSERT INTO `config` (`var`,`val`,`category`,`type`,`type_values`,`ord`,`description`,`year`) VALUES ('fiscal_yearend','','Fundraising','text','','200','Your organization''s fiscal year end. Specified in format MM-DD. Must be set in order for the Fundraising Module to function.','-1');
INSERT INTO `config` (`var`,`val`,`category`,`type`,`type_values`,`ord`,`description`,`year`) VALUES ('fiscal_yearend','','Fundraising','text','','200','Your organization''s fiscal year end. Specified in format MM-DD. Must be set in order for the Fundraising Module to function.','2018');
INSERT INTO `config` (`var`,`val`,`category`,`type`,`type_values`,`ord`,`description`,`year`) VALUES ('judges_availability_enable','no','Judge Registration','yesno','','950','Allow judges to specify their time availability on the fair day based on the defined judging rounds/timeslots. The scheduler will then use this judge availability data when assigning judges to teams and projects.','-1');
INSERT INTO `config` (`var`,`val`,`category`,`type`,`type_values`,`ord`,`description`,`year`) VALUES ('judges_availability_enable','no','Judge Registration','yesno','','950','Allow judges to specify their time availability on the fair day based on the defined judging rounds/timeslots. The scheduler will then use this judge availability data when assigning judges to teams and projects.','2018');
INSERT INTO `config` (`var`,`val`,`category`,`type`,`type_values`,`ord`,`description`,`year`) VALUES ('judges_password_expiry_days','365','Judge Registration','','','300','Judges passwords expire and they are forced to choose a new one after this many days. (0 for no expiry)','-1');
INSERT INTO `config` (`var`,`val`,`category`,`type`,`type_values`,`ord`,`description`,`year`) VALUES ('judges_password_expiry_days','365','Judge Registration','','','300','Judges passwords expire and they are forced to choose a new one after this many days. (0 for no expiry)','2018');
INSERT INTO `config` (`var`,`val`,`category`,`type`,`type_values`,`ord`,`description`,`year`) VALUES ('judges_specialaward_enable','no','Judge Registration','yesno','','1000','Allow judges to specify their special award judging preferences (in addition to the divisional judging preferences)','-1');
INSERT INTO `config` (`var`,`val`,`category`,`type`,`type_values`,`ord`,`description`,`year`) VALUES ('judges_specialaward_enable','no','Judge Registration','yesno','','1000','Allow judges to specify their special award judging preferences (in addition to the divisional judging preferences)','2018');
INSERT INTO `config` (`var`,`val`,`category`,`type`,`type_values`,`ord`,`description`,`year`) VALUES ('judges_specialaward_max','6','Judge Registration','number','','1300','Maximum number of special awards a judge must select when specifying special award preferences','-1');
INSERT INTO `config` (`var`,`val`,`category`,`type`,`type_values`,`ord`,`description`,`year`) VALUES ('judges_specialaward_max','6','Judge Registration','number','','1300','Maximum number of special awards a judge must select when specifying special award preferences','2018');
INSERT INTO `config` (`var`,`val`,`category`,`type`,`type_values`,`ord`,`description`,`year`) VALUES ('judges_specialaward_min','1','Judge Registration','number','','1200','Minimum number of special awards a judge must select when specifying special award preferences','-1');
INSERT INTO `config` (`var`,`val`,`category`,`type`,`type_values`,`ord`,`description`,`year`) VALUES ('judges_specialaward_min','1','Judge Registration','number','','1200','Minimum number of special awards a judge must select when specifying special award preferences','2018');
INSERT INTO `config` (`var`,`val`,`category`,`type`,`type_values`,`ord`,`description`,`year`) VALUES ('judges_specialaward_only_enable','no','Judge Registration','yesno','','1100','Allow judges to specify that they are a judge for a specific special award.  If a judge selects this, it disables their divisional preference selection entirely','-1');
INSERT INTO `config` (`var`,`val`,`category`,`type`,`type_values`,`ord`,`description`,`year`) VALUES ('judges_specialaward_only_enable','no','Judge Registration','yesno','','1100','Allow judges to specify that they are a judge for a specific special award.  If a judge selects this, it disables their divisional preference selection entirely','2018');
INSERT INTO `config` (`var`,`val`,`category`,`type`,`type_values`,`ord`,`description`,`year`) VALUES ('judge_personal_fields','phonehome,phonecell,phonework,org,address,city,province,lang','Judge Registration','multisel','sex=Gender|phonehome=Home Phone|phonework=Work Phone|phonecell=Cell Phone|fax=Fax|org=Organization|birthdate=Birthdate|lang=Preferred Language|address=Address and PostalCode|city=City|province=Province','500','Personal Information to ask for on the Judge personal information page (in addition to Name and Email)','-1');
INSERT INTO `config` (`var`,`val`,`category`,`type`,`type_values`,`ord`,`description`,`year`) VALUES ('judge_personal_fields','phonehome,phonecell,phonework,org,address,city,province,lang','Judge Registration','multisel','sex=Gender|phonehome=Home Phone|phonework=Work Phone|phonecell=Cell Phone|fax=Fax|org=Organization|birthdate=Birthdate|lang=Preferred Language|address=Address and PostalCode|city=City|province=Province','500','Personal Information to ask for on the Judge personal information page (in addition to Name and Email)','2018');
INSERT INTO `config` (`var`,`val`,`category`,`type`,`type_values`,`ord`,`description`,`year`) VALUES ('judge_personal_required','phonehome,address,city,province','Judge Registration','multisel','sex=Gender|phonehome=Home Phone|phonework=Work Phone|phonecell=Cell Phone|fax=Fax|org=Organization|birthdate=Birthdate|lang=Preferred Language|address=Address and PostalCode|city=City|province=Province','600','Required Personal Information on the Judge personal information page (Name and Email is always required)','-1');
INSERT INTO `config` (`var`,`val`,`category`,`type`,`type_values`,`ord`,`description`,`year`) VALUES ('judge_personal_required','phonehome,address,city,province','Judge Registration','multisel','sex=Gender|phonehome=Home Phone|phonework=Work Phone|phonecell=Cell Phone|fax=Fax|org=Organization|birthdate=Birthdate|lang=Preferred Language|address=Address and PostalCode|city=City|province=Province','600','Required Personal Information on the Judge personal information page (Name and Email is always required)','2018');
INSERT INTO `config` (`var`,`val`,`category`,`type`,`type_values`,`ord`,`description`,`year`) VALUES ('judge_registration_singlepassword','','Judge Registration','','','200','The single password to use for judge registration if judge_registration_type is singlepassword.  Leave blank if not using singlepassword judge registration','-1');
INSERT INTO `config` (`var`,`val`,`category`,`type`,`type_values`,`ord`,`description`,`year`) VALUES ('judge_registration_singlepassword','','Judge Registration','','','200','The single password to use for judge registration if judge_registration_type is singlepassword.  Leave blank if not using singlepassword judge registration','2018');
INSERT INTO `config` (`var`,`val`,`category`,`type`,`type_values`,`ord`,`description`,`year`) VALUES ('judge_registration_type','open','Judge Registration','enum','open=Open|singlepassword=Single Password|invite=Invite','100','The type of Judge Registration to use','-1');
INSERT INTO `config` (`var`,`val`,`category`,`type`,`type_values`,`ord`,`description`,`year`) VALUES ('judge_registration_type','open','Judge Registration','enum','open=Open|singlepassword=Single Password|invite=Invite','100','The type of Judge Registration to use','2018');
INSERT INTO `config` (`var`,`val`,`category`,`type`,`type_values`,`ord`,`description`,`year`) VALUES ('judge_scheduler_activity','Done','Judge Scheduler','','','99999','','0');
INSERT INTO `config` (`var`,`val`,`category`,`type`,`type_values`,`ord`,`description`,`year`) VALUES ('judge_scheduler_percent','-1','Judge Scheduler','','','99999','','0');
INSERT INTO `config` (`var`,`val`,`category`,`type`,`type_values`,`ord`,`description`,`year`) VALUES ('maxage','21','Participant Registration','number','','700','The maximum age of the students','-1');
INSERT INTO `config` (`var`,`val`,`category`,`type`,`type_values`,`ord`,`description`,`year`) VALUES ('maxage','21','Participant Registration','number','','700','The maximum age of the students','2018');
INSERT INTO `config` (`var`,`val`,`category`,`type`,`type_values`,`ord`,`description`,`year`) VALUES ('maxgrade','12','Participant Registration','number','','900','The maximum school grade that can enter a project','-1');
INSERT INTO `config` (`var`,`val`,`category`,`type`,`type_values`,`ord`,`description`,`year`) VALUES ('maxgrade','12','Participant Registration','number','','900','The maximum school grade that can enter a project','2018');
INSERT INTO `config` (`var`,`val`,`category`,`type`,`type_values`,`ord`,`description`,`year`) VALUES ('maxjudgeage','100','Judge Registration','','','500','The maximum age that a person can be in order to be a judge','-1');
INSERT INTO `config` (`var`,`val`,`category`,`type`,`type_values`,`ord`,`description`,`year`) VALUES ('maxjudgeage','100','Judge Registration','','','500','The maximum age that a person can be in order to be a judge','2018');
INSERT INTO `config` (`var`,`val`,`category`,`type`,`type_values`,`ord`,`description`,`year`) VALUES ('maxmentorsperproject','5','Participant Registration','number','','1100','The maximum number of mentors that can help with a project','-1');
INSERT INTO `config` (`var`,`val`,`category`,`type`,`type_values`,`ord`,`description`,`year`) VALUES ('maxmentorsperproject','5','Participant Registration','number','','1100','The maximum number of mentors that can help with a project','2018');
INSERT INTO `config` (`var`,`val`,`category`,`type`,`type_values`,`ord`,`description`,`year`) VALUES ('maxspecialawardsperproject','7','Participant Registration','number','','1400','The maximum number of self-nominated special awards a project can sign-up for','-1');
INSERT INTO `config` (`var`,`val`,`category`,`type`,`type_values`,`ord`,`description`,`year`) VALUES ('maxspecialawardsperproject','7','Participant Registration','number','','1400','The maximum number of self-nominated special awards a project can sign-up for','2018');
INSERT INTO `config` (`var`,`val`,`category`,`type`,`type_values`,`ord`,`description`,`year`) VALUES ('maxstudentsperproject','2','Participant Registration','number','','1300','The maximum number of students that can work on a project (Usually 2)','-1');
INSERT INTO `config` (`var`,`val`,`category`,`type`,`type_values`,`ord`,`description`,`year`) VALUES ('maxstudentsperproject','2','Participant Registration','number','','1300','The maximum number of students that can work on a project (Usually 2)','2018');
INSERT INTO `config` (`var`,`val`,`category`,`type`,`type_values`,`ord`,`description`,`year`) VALUES ('max_judges_per_team','3','Judge Scheduler','','','300','The maximum number of judges that can be on a judging team.','-1');
INSERT INTO `config` (`var`,`val`,`category`,`type`,`type_values`,`ord`,`description`,`year`) VALUES ('max_judges_per_team','3','Judge Scheduler','','','300','The maximum number of judges that can be on a judging team.','2018');
INSERT INTO `config` (`var`,`val`,`category`,`type`,`type_values`,`ord`,`description`,`year`) VALUES ('max_projects_per_team','7','Judge Scheduler','','','400','The maximum number of projects that a judging team can judge.','-1');
INSERT INTO `config` (`var`,`val`,`category`,`type`,`type_values`,`ord`,`description`,`year`) VALUES ('max_projects_per_team','7','Judge Scheduler','','','400','The maximum number of projects that a judging team can judge.','2018');
INSERT INTO `config` (`var`,`val`,`category`,`type`,`type_values`,`ord`,`description`,`year`) VALUES ('minage','10','Participant Registration','number','','600','The minimum age of the students','-1');
INSERT INTO `config` (`var`,`val`,`category`,`type`,`type_values`,`ord`,`description`,`year`) VALUES ('minage','10','Participant Registration','number','','600','The minimum age of the students','2018');
INSERT INTO `config` (`var`,`val`,`category`,`type`,`type_values`,`ord`,`description`,`year`) VALUES ('mingrade','7','Participant Registration','number','','800','The minimum school grade that can enter a project','-1');
INSERT INTO `config` (`var`,`val`,`category`,`type`,`type_values`,`ord`,`description`,`year`) VALUES ('mingrade','7','Participant Registration','number','','800','The minimum school grade that can enter a project','2018');
INSERT INTO `config` (`var`,`val`,`category`,`type`,`type_values`,`ord`,`description`,`year`) VALUES ('minjudgeage','21','Judge Registration','','','400','The minimum age that a person must be in order to be a judge.','-1');
INSERT INTO `config` (`var`,`val`,`category`,`type`,`type_values`,`ord`,`description`,`year`) VALUES ('minjudgeage','21','Judge Registration','','','400','The minimum age that a person must be in order to be a judge.','2018');
INSERT INTO `config` (`var`,`val`,`category`,`type`,`type_values`,`ord`,`description`,`year`) VALUES ('minmentorsperproject','0','Participant Registration','number','','1000','The minimum number of mentors that can help with a project (usually 0)','-1');
INSERT INTO `config` (`var`,`val`,`category`,`type`,`type_values`,`ord`,`description`,`year`) VALUES ('minmentorsperproject','0','Participant Registration','number','','1000','The minimum number of mentors that can help with a project (usually 0)','2018');
INSERT INTO `config` (`var`,`val`,`category`,`type`,`type_values`,`ord`,`description`,`year`) VALUES ('minstudentsperproject','1','Participant Registration','number','','1200','The minimum number of students that can work on a project (usually 1)','-1');
INSERT INTO `config` (`var`,`val`,`category`,`type`,`type_values`,`ord`,`description`,`year`) VALUES ('minstudentsperproject','1','Participant Registration','number','','1200','The minimum number of students that can work on a project (usually 1)','2018');
INSERT INTO `config` (`var`,`val`,`category`,`type`,`type_values`,`ord`,`description`,`year`) VALUES ('min_judges_per_team','3','Judge Scheduler','','','200','The minimum number of judges that can be on a judging team.','-1');
INSERT INTO `config` (`var`,`val`,`category`,`type`,`type_values`,`ord`,`description`,`year`) VALUES ('min_judges_per_team','3','Judge Scheduler','','','200','The minimum number of judges that can be on a judging team.','2018');
INSERT INTO `config` (`var`,`val`,`category`,`type`,`type_values`,`ord`,`description`,`year`) VALUES ('participant_mentor','yes','Participant Registration','yesno','','1700','Ask for mentorship information','-1');
INSERT INTO `config` (`var`,`val`,`category`,`type`,`type_values`,`ord`,`description`,`year`) VALUES ('participant_mentor','yes','Participant Registration','yesno','','1700','Ask for mentorship information','2018');
INSERT INTO `config` (`var`,`val`,`category`,`type`,`type_values`,`ord`,`description`,`year`) VALUES ('participant_project_electricity','yes','Participant Registration','yesno','','2400','Ask if the project requires electricity','-1');
INSERT INTO `config` (`var`,`val`,`category`,`type`,`type_values`,`ord`,`description`,`year`) VALUES ('participant_project_electricity','yes','Participant Registration','yesno','','2400','Ask if the project requires electricity','2018');
INSERT INTO `config` (`var`,`val`,`category`,`type`,`type_values`,`ord`,`description`,`year`) VALUES ('participant_project_summary_wordmax','100','Participant Registration','number','','1800','The maximum number of words acceptable in the project summary','-1');
INSERT INTO `config` (`var`,`val`,`category`,`type`,`type_values`,`ord`,`description`,`year`) VALUES ('participant_project_summary_wordmax','100','Participant Registration','number','','1800','The maximum number of words acceptable in the project summary','2018');
INSERT INTO `config` (`var`,`val`,`category`,`type`,`type_values`,`ord`,`description`,`year`) VALUES ('participant_project_summary_wordmin','0','Participant Registration','number','','1900','The minimum number of words acceptable in the project summary','-1');
INSERT INTO `config` (`var`,`val`,`category`,`type`,`type_values`,`ord`,`description`,`year`) VALUES ('participant_project_summary_wordmin','0','Participant Registration','number','','1900','The minimum number of words acceptable in the project summary','2018');
INSERT INTO `config` (`var`,`val`,`category`,`type`,`type_values`,`ord`,`description`,`year`) VALUES ('participant_project_table','yes','Participant Registration','yesno','','2300','Ask if the project requires a table','-1');
INSERT INTO `config` (`var`,`val`,`category`,`type`,`type_values`,`ord`,`description`,`year`) VALUES ('participant_project_table','yes','Participant Registration','yesno','','2300','Ask if the project requires a table','2018');
INSERT INTO `config` (`var`,`val`,`category`,`type`,`type_values`,`ord`,`description`,`year`) VALUES ('participant_project_title_charmax','100','Participant Registration','number','','2000','The maximum number of characters acceptable in the project title (Max 255)','-1');
INSERT INTO `config` (`var`,`val`,`category`,`type`,`type_values`,`ord`,`description`,`year`) VALUES ('participant_project_title_charmax','100','Participant Registration','number','','2000','The maximum number of characters acceptable in the project title (Max 255)','2018');
INSERT INTO `config` (`var`,`val`,`category`,`type`,`type_values`,`ord`,`description`,`year`) VALUES ('participant_regfee_items_enable','no','Participant Registration','yesno','','2750','Ask the participants for registration fee item options.  Enabling this item also enables a Registration Fee Item Manager in the Administration section.  Use this manager to add optional registration items (that have a fee) for a student to select.','-1');
INSERT INTO `config` (`var`,`val`,`category`,`type`,`type_values`,`ord`,`description`,`year`) VALUES ('participant_regfee_items_enable','no','Participant Registration','yesno','','2750','Ask the participants for registration fee item options.  Enabling this item also enables a Registration Fee Item Manager in the Administration section.  Use this manager to add optional registration items (that have a fee) for a student to select.','2018');
INSERT INTO `config` (`var`,`val`,`category`,`type`,`type_values`,`ord`,`description`,`year`) VALUES ('participant_registration_singlepassword','','Participant Registration','','','200','The single password to use for participant registration if participant_registration_type is singlepassword.  Leave blank if not using singlepassword participant registration','-1');
INSERT INTO `config` (`var`,`val`,`category`,`type`,`type_values`,`ord`,`description`,`year`) VALUES ('participant_registration_singlepassword','','Participant Registration','','','200','The single password to use for participant registration if participant_registration_type is singlepassword.  Leave blank if not using singlepassword participant registration','2018');
INSERT INTO `config` (`var`,`val`,`category`,`type`,`type_values`,`ord`,`description`,`year`) VALUES ('participant_registration_type','open','Participant Registration','enum','open=Open|singlepassword=Single Password|schoolpassword=School Password|invite=Invite|openorinvite=Open or Invite','100','The type of Participant Registration to use','-1');
INSERT INTO `config` (`var`,`val`,`category`,`type`,`type_values`,`ord`,`description`,`year`) VALUES ('participant_registration_type','open','Participant Registration','enum','open=Open|singlepassword=Single Password|schoolpassword=School Password|invite=Invite|openorinvite=Open or Invite','100','The type of Participant Registration to use','2018');
INSERT INTO `config` (`var`,`val`,`category`,`type`,`type_values`,`ord`,`description`,`year`) VALUES ('participant_short_title_charmax','50','Participant Registration','number','','2200','The maximum number of characters acceptable in the short project title (Max 255)','-1');
INSERT INTO `config` (`var`,`val`,`category`,`type`,`type_values`,`ord`,`description`,`year`) VALUES ('participant_short_title_charmax','50','Participant Registration','number','','2200','The maximum number of characters acceptable in the short project title (Max 255)','2018');
INSERT INTO `config` (`var`,`val`,`category`,`type`,`type_values`,`ord`,`description`,`year`) VALUES ('participant_short_title_enable','no','Participant Registration','yesno','','2100','Ask the participants for a short project title as well as their full title.','-1');
INSERT INTO `config` (`var`,`val`,`category`,`type`,`type_values`,`ord`,`description`,`year`) VALUES ('participant_short_title_enable','no','Participant Registration','yesno','','2100','Ask the participants for a short project title as well as their full title.','2018');
INSERT INTO `config` (`var`,`val`,`category`,`type`,`type_values`,`ord`,`description`,`year`) VALUES ('participant_student_foodreq','yes','Participant Registration','yesno','','2500','Ask for students special food requirements. Should be ''Yes'' if you plan on providing food to the students.','-1');
INSERT INTO `config` (`var`,`val`,`category`,`type`,`type_values`,`ord`,`description`,`year`) VALUES ('participant_student_foodreq','yes','Participant Registration','yesno','','2500','Ask for students special food requirements. Should be ''Yes'' if you plan on providing food to the students.','2018');
INSERT INTO `config` (`var`,`val`,`category`,`type`,`type_values`,`ord`,`description`,`year`) VALUES ('participant_student_personal','yes','Participant Registration','yesno','','1500','Collect personal information about the students, such as phone number, address, gender, etc.','-1');
INSERT INTO `config` (`var`,`val`,`category`,`type`,`type_values`,`ord`,`description`,`year`) VALUES ('participant_student_personal','yes','Participant Registration','yesno','','1500','Collect personal information about the students, such as phone number, address, gender, etc.','2018');
INSERT INTO `config` (`var`,`val`,`category`,`type`,`type_values`,`ord`,`description`,`year`) VALUES ('participant_student_pronunciation','no','Participant Registration','yesno','','1600','Ask the student for a pronunciation key for their name (for award ceremonies)','-1');
INSERT INTO `config` (`var`,`val`,`category`,`type`,`type_values`,`ord`,`description`,`year`) VALUES ('participant_student_pronunciation','no','Participant Registration','yesno','','1600','Ask the student for a pronunciation key for their name (for award ceremonies)','2018');
INSERT INTO `config` (`var`,`val`,`category`,`type`,`type_values`,`ord`,`description`,`year`) VALUES ('participant_student_tshirt','no','Participant Registration','yesno','','2600','Ask for students their T-Shirt size','-1');
INSERT INTO `config` (`var`,`val`,`category`,`type`,`type_values`,`ord`,`description`,`year`) VALUES ('participant_student_tshirt','no','Participant Registration','yesno','','2600','Ask for students their T-Shirt size','2018');
INSERT INTO `config` (`var`,`val`,`category`,`type`,`type_values`,`ord`,`description`,`year`) VALUES ('participant_student_tshirt_cost','0.00','Participant Registration','number','','2700','The cost of each T-Shirt. If this is non-zero, a "None" option is added to the T-Shirt size selection box, and a note is added indicating the cost of each T-Shirt','-1');
INSERT INTO `config` (`var`,`val`,`category`,`type`,`type_values`,`ord`,`description`,`year`) VALUES ('participant_student_tshirt_cost','0.00','Participant Registration','number','','2700','The cost of each T-Shirt. If this is non-zero, a "None" option is added to the T-Shirt size selection box, and a note is added indicating the cost of each T-Shirt','2018');
INSERT INTO `config` (`var`,`val`,`category`,`type`,`type_values`,`ord`,`description`,`year`) VALUES ('postalzip','Postal Code','Localization','enum','Postal Code=Postal Code|Zip Code=Zip Code','110','Use Postal Code or Zip Code?','-1');
INSERT INTO `config` (`var`,`val`,`category`,`type`,`type_values`,`ord`,`description`,`year`) VALUES ('postalzip','Postal Code','Localization','enum','Postal Code=Postal Code|Zip Code=Zip Code','110','Use Postal Code or Zip Code?','2018');
INSERT INTO `config` (`var`,`val`,`category`,`type`,`type_values`,`ord`,`description`,`year`) VALUES ('projects_per_special_award_judge','20','Judge Scheduler','number','','1000','The maximum number of projects that each special awards judge can judge.','-1');
INSERT INTO `config` (`var`,`val`,`category`,`type`,`type_values`,`ord`,`description`,`year`) VALUES ('projects_per_special_award_judge','20','Judge Scheduler','number','','1000','The maximum number of projects that each special awards judge can judge.','2018');
INSERT INTO `config` (`var`,`val`,`category`,`type`,`type_values`,`ord`,`description`,`year`) VALUES ('project_num_format','CDN','Global','','','600','Project Numbering Format: C=Category ID, c=Category shortform, D=Division ID, d=Division shortform, N, N1, N2, ..., N9=intra division digit sequence number, zero padded to 1-9 digits, or 2 digits if just N is used. X, X1, X2, ..., N9=global sequence number, zero padded to 1-9 digits, or 3 digits if just X is used.','-1');
INSERT INTO `config` (`var`,`val`,`category`,`type`,`type_values`,`ord`,`description`,`year`) VALUES ('project_num_format','CDN','Global','','','600','Project Numbering Format: C=Category ID, c=Category shortform, D=Division ID, d=Division shortform, N, N1, N2, ..., N9=intra division digit sequence number, zero padded to 1-9 digits, or 2 digits if just N is used. X, X1, X2, ..., N9=global sequence number, zero padded to 1-9 digits, or 3 digits if just X is used.','2018');
INSERT INTO `config` (`var`,`val`,`category`,`type`,`type_values`,`ord`,`description`,`year`) VALUES ('project_sort_format','','Global','text','','610','Project Sorting Format. This format will be used to sort the projects on lists and in reports. Use the same letters as the Project Number Format (C, D, N, etc.). If left blank, the project number format will also be used to sort the projects.','-1');
INSERT INTO `config` (`var`,`val`,`category`,`type`,`type_values`,`ord`,`description`,`year`) VALUES ('project_sort_format','','Global','text','','610','Project Sorting Format. This format will be used to sort the projects on lists and in reports. Use the same letters as the Project Number Format (C, D, N, etc.). If left blank, the project number format will also be used to sort the projects.','2018');
INSERT INTO `config` (`var`,`val`,`category`,`type`,`type_values`,`ord`,`description`,`year`) VALUES ('project_status','payment_pending','Judge Scheduler','enum','open=Open|payment_pending=Payment Pending|complete=Complete','600','The status a project must have to be considered eligible for judge scheduling. ','-1');
INSERT INTO `config` (`var`,`val`,`category`,`type`,`type_values`,`ord`,`description`,`year`) VALUES ('project_status','payment_pending','Judge Scheduler','enum','open=Open|payment_pending=Payment Pending|complete=Complete','600','The status a project must have to be considered eligible for judge scheduling. ','2018');
INSERT INTO `config` (`var`,`val`,`category`,`type`,`type_values`,`ord`,`description`,`year`) VALUES ('provincestate','Province','Localization','enum','Province=Province|State=State','100','Use Province or State?','-1');
INSERT INTO `config` (`var`,`val`,`category`,`type`,`type_values`,`ord`,`description`,`year`) VALUES ('provincestate','Province','Localization','enum','Province=Province|State=State','100','Use Province or State?','2018');
INSERT INTO `config` (`var`,`val`,`category`,`type`,`type_values`,`ord`,`description`,`year`) VALUES ('regfee','','Participant Registration','number','','300','Registration Fee','-1');
INSERT INTO `config` (`var`,`val`,`category`,`type`,`type_values`,`ord`,`description`,`year`) VALUES ('regfee','','Participant Registration','number','','300','Registration Fee','2018');
INSERT INTO `config` (`var`,`val`,`category`,`type`,`type_values`,`ord`,`description`,`year`) VALUES ('regfee_per','student','Participant Registration','enum','student=Student|project=Project','400','Registration fee is per student, or per project?','-1');
INSERT INTO `config` (`var`,`val`,`category`,`type`,`type_values`,`ord`,`description`,`year`) VALUES ('regfee_per','student','Participant Registration','enum','student=Student|project=Project','400','Registration fee is per student, or per project?','2018');
INSERT INTO `config` (`var`,`val`,`category`,`type`,`type_values`,`ord`,`description`,`year`) VALUES ('regfee_show_info','no','Participant Registration','yesno','','500','Show a breakdown of the total Registration Fee calculation on the main student registration page','-1');
INSERT INTO `config` (`var`,`val`,`category`,`type`,`type_values`,`ord`,`description`,`year`) VALUES ('regfee_show_info','no','Participant Registration','yesno','','500','Show a breakdown of the total Registration Fee calculation on the main student registration page','2018');
INSERT INTO `config` (`var`,`val`,`category`,`type`,`type_values`,`ord`,`description`,`year`) VALUES ('registered_charity','no','Fundraising','yesno','','100','Is your organization a registered charity?','-1');
INSERT INTO `config` (`var`,`val`,`category`,`type`,`type_values`,`ord`,`description`,`year`) VALUES ('registered_charity','no','Fundraising','yesno','','100','Is your organization a registered charity?','2018');
INSERT INTO `config` (`var`,`val`,`category`,`type`,`type_values`,`ord`,`description`,`year`) VALUES ('reports_show_criteria','no','Reports','yesno','','300','Display criteria for each award in the Award Ceremony script.','-1');
INSERT INTO `config` (`var`,`val`,`category`,`type`,`type_values`,`ord`,`description`,`year`) VALUES ('reports_show_criteria','no','Reports','yesno','','300','Display criteria for each award in the Award Ceremony script.','2018');
INSERT INTO `config` (`var`,`val`,`category`,`type`,`type_values`,`ord`,`description`,`year`) VALUES ('reports_show_unawarded_awards','yes','Reports','yesno','','100','Display awards that were not awarded in the Award Ceremony script.','-1');
INSERT INTO `config` (`var`,`val`,`category`,`type`,`type_values`,`ord`,`description`,`year`) VALUES ('reports_show_unawarded_awards','yes','Reports','yesno','','100','Display awards that were not awarded in the Award Ceremony script.','2018');
INSERT INTO `config` (`var`,`val`,`category`,`type`,`type_values`,`ord`,`description`,`year`) VALUES ('reports_show_unawarded_prizes','yes','Reports','yesno','','200','Display prizes that were not awarded in the Award Ceremony script.','-1');
INSERT INTO `config` (`var`,`val`,`category`,`type`,`type_values`,`ord`,`description`,`year`) VALUES ('reports_show_unawarded_prizes','yes','Reports','yesno','','200','Display prizes that were not awarded in the Award Ceremony script.','2018');
INSERT INTO `config` (`var`,`val`,`category`,`type`,`type_values`,`ord`,`description`,`year`) VALUES ('scheduler_enable_sa_scheduling','no','Judge Scheduler','yesno','','900','Allow the scheduler to automatically create a judging team for each special award, and assigned unused divisional judges to special awards.','-1');
INSERT INTO `config` (`var`,`val`,`category`,`type`,`type_values`,`ord`,`description`,`year`) VALUES ('scheduler_enable_sa_scheduling','no','Judge Scheduler','yesno','','900','Allow the scheduler to automatically create a judging team for each special award, and assigned unused divisional judges to special awards.','2018');
INSERT INTO `config` (`var`,`val`,`category`,`type`,`type_values`,`ord`,`description`,`year`) VALUES ('SFIABDIRECTORY','/sfiab','Special','','','0','','0');
INSERT INTO `config` (`var`,`val`,`category`,`type`,`type_values`,`ord`,`description`,`year`) VALUES ('specialawardnomination','date','Participant Registration','enum','none=None|date=By Date|registration=With Registration','2900','Select when students may self nominate for special awards.<br> <ul><li><b>None</b> - Students may not self-nominate for special awards. <li><b>By Date</b> - Between specific dates, specified in the "Important Dates" section. <li><b>With Registration</b> - During the same time as registration is open. </ul> ','-1');
INSERT INTO `config` (`var`,`val`,`category`,`type`,`type_values`,`ord`,`description`,`year`) VALUES ('specialawardnomination','date','Participant Registration','enum','none=None|date=By Date|registration=With Registration','2900','Select when students may self nominate for special awards.<br> <ul><li><b>None</b> - Students may not self-nominate for special awards. <li><b>By Date</b> - Between specific dates, specified in the "Important Dates" section. <li><b>With Registration</b> - During the same time as registration is open. </ul> ','2018');
INSERT INTO `config` (`var`,`val`,`category`,`type`,`type_values`,`ord`,`description`,`year`) VALUES ('specialawardnomination_aftersignatures','yes','Participant Registration','yesno','','2800','Does the signature page need to be received BEFORE students are allowed to self nominate for special awards?','-1');
INSERT INTO `config` (`var`,`val`,`category`,`type`,`type_values`,`ord`,`description`,`year`) VALUES ('specialawardnomination_aftersignatures','yes','Participant Registration','yesno','','2800','Does the signature page need to be received BEFORE students are allowed to self nominate for special awards?','2018');
INSERT INTO `config` (`var`,`val`,`category`,`type`,`type_values`,`ord`,`description`,`year`) VALUES ('sponsor_personal_fields','phonecell,phonework,fax,org','Sponsors','multisel','salutation=Salutation|sex=Gender|phonehome=Home Phone|phonework=Work Phone|phonecell=Cell Phone|fax=Fax|org=Organization|birthdate=Birthdate|lang=Preferred Language|address=Address and PostalCode|city=City|province=Province','500','Personal Information to ask for on the Sponsor Contact profile page (in addition to Name and Email)','-1');
INSERT INTO `config` (`var`,`val`,`category`,`type`,`type_values`,`ord`,`description`,`year`) VALUES ('sponsor_personal_fields','phonecell,phonework,fax,org','Sponsors','multisel','salutation=Salutation|sex=Gender|phonehome=Home Phone|phonework=Work Phone|phonecell=Cell Phone|fax=Fax|org=Organization|birthdate=Birthdate|lang=Preferred Language|address=Address and PostalCode|city=City|province=Province','500','Personal Information to ask for on the Sponsor Contact profile page (in addition to Name and Email)','2018');
INSERT INTO `config` (`var`,`val`,`category`,`type`,`type_values`,`ord`,`description`,`year`) VALUES ('sponsor_personal_required','','Sponsors','multisel','salutation=Salutation|sex=Gender|phonehome=Home Phone|phonework=Work Phone|phonecell=Cell Phone|fax=Fax|org=Organization|birthdate=Birthdate|lang=Preferred Language|address=Address and PostalCode|city=City|province=Province','600','Required Personal Information on the Sponsor Contact profile page (Name and Email is always required)','-1');
INSERT INTO `config` (`var`,`val`,`category`,`type`,`type_values`,`ord`,`description`,`year`) VALUES ('sponsor_personal_required','','Sponsors','multisel','salutation=Salutation|sex=Gender|phonehome=Home Phone|phonework=Work Phone|phonecell=Cell Phone|fax=Fax|org=Organization|birthdate=Birthdate|lang=Preferred Language|address=Address and PostalCode|city=City|province=Province','600','Required Personal Information on the Sponsor Contact profile page (Name and Email is always required)','2018');
INSERT INTO `config` (`var`,`val`,`category`,`type`,`type_values`,`ord`,`description`,`year`) VALUES ('theme','default','Global','theme','theme','850','Theme for colours','-1');
INSERT INTO `config` (`var`,`val`,`category`,`type`,`type_values`,`ord`,`description`,`year`) VALUES ('theme','default','Global','theme','theme','850','Theme for colours','2018');
INSERT INTO `config` (`var`,`val`,`category`,`type`,`type_values`,`ord`,`description`,`year`) VALUES ('theme_icons','icons_default','Global','theme','icons','860','Icon set','-1');
INSERT INTO `config` (`var`,`val`,`category`,`type`,`type_values`,`ord`,`description`,`year`) VALUES ('theme_icons','icons_default','Global','theme','icons','860','Icon set','2018');
INSERT INTO `config` (`var`,`val`,`category`,`type`,`type_values`,`ord`,`description`,`year`) VALUES ('timeformat','H:i:s','Localization','text','','210','Time format (<a href="http://www.php.net/manual/en/function.date.php" target="_blank">formatting options</a>)','-1');
INSERT INTO `config` (`var`,`val`,`category`,`type`,`type_values`,`ord`,`description`,`year`) VALUES ('timeformat','H:i:s','Localization','text','','210','Time format (<a href="http://www.php.net/manual/en/function.date.php" target="_blank">formatting options</a>)','2018');
INSERT INTO `config` (`var`,`val`,`category`,`type`,`type_values`,`ord`,`description`,`year`) VALUES ('times_judged','1','Judge Scheduler','','','500','The number of times each project must be judged by different judging teams.','-1');
INSERT INTO `config` (`var`,`val`,`category`,`type`,`type_values`,`ord`,`description`,`year`) VALUES ('times_judged','1','Judge Scheduler','','','500','The number of times each project must be judged by different judging teams.','2018');
INSERT INTO `config` (`var`,`val`,`category`,`type`,`type_values`,`ord`,`description`,`year`) VALUES ('tours_assigner_activity','Done','Tour Assigner','','','99999','','0');
INSERT INTO `config` (`var`,`val`,`category`,`type`,`type_values`,`ord`,`description`,`year`) VALUES ('tours_assigner_effort','10000','Tour Assigner','enum','100=Low|1000=Medium|10000=High','99999','This controls how long and hard the tour assigner will look for a quality solution. Low effort will finish almost instantly but give a very poor result. High effort can take several minutes to run, but it gives a very good solution. ','-1');
INSERT INTO `config` (`var`,`val`,`category`,`type`,`type_values`,`ord`,`description`,`year`) VALUES ('tours_assigner_effort','10000','Tour Assigner','enum','100=Low|1000=Medium|10000=High','99999','This controls how long and hard the tour assigner will look for a quality solution. Low effort will finish almost instantly but give a very poor result. High effort can take several minutes to run, but it gives a very good solution. ','2018');
INSERT INTO `config` (`var`,`val`,`category`,`type`,`type_values`,`ord`,`description`,`year`) VALUES ('tours_assigner_percent','-1','Tour Assigner','','','99999','','0');
INSERT INTO `config` (`var`,`val`,`category`,`type`,`type_values`,`ord`,`description`,`year`) VALUES ('tours_choices_max','3','Tours','','','200','Maximum number of tours a participant may select','-1');
INSERT INTO `config` (`var`,`val`,`category`,`type`,`type_values`,`ord`,`description`,`year`) VALUES ('tours_choices_max','3','Tours','','','200','Maximum number of tours a participant may select','2018');
INSERT INTO `config` (`var`,`val`,`category`,`type`,`type_values`,`ord`,`description`,`year`) VALUES ('tours_choices_min','1','Tours','','','100','Minimum number of tours a participant must select','-1');
INSERT INTO `config` (`var`,`val`,`category`,`type`,`type_values`,`ord`,`description`,`year`) VALUES ('tours_choices_min','1','Tours','','','100','Minimum number of tours a participant must select','2018');
INSERT INTO `config` (`var`,`val`,`category`,`type`,`type_values`,`ord`,`description`,`year`) VALUES ('tours_enable','no','Tours','yesno','','0','Enable the "tours" module.  Set to "yes" to allow participants to select tours','-1');
INSERT INTO `config` (`var`,`val`,`category`,`type`,`type_values`,`ord`,`description`,`year`) VALUES ('tours_enable','no','Tours','yesno','','0','Enable the "tours" module.  Set to "yes" to allow participants to select tours','2018');
INSERT INTO `config` (`var`,`val`,`category`,`type`,`type_values`,`ord`,`description`,`year`) VALUES ('usedivisionselector','yes','Participant Registration','yesno','','3000','Specify whether to use the division selector flowchart questions to help decide on the division','-1');
INSERT INTO `config` (`var`,`val`,`category`,`type`,`type_values`,`ord`,`description`,`year`) VALUES ('usedivisionselector','yes','Participant Registration','yesno','','3000','Specify whether to use the division selector flowchart questions to help decide on the division','2018');
INSERT INTO `config` (`var`,`val`,`category`,`type`,`type_values`,`ord`,`description`,`year`) VALUES ('volunteer_enable','no','Volunteer Registration','yesno','','100','Allow Volunteers to create accounts and sign up for volunteer positions (positions are configurable in the admin section)','-1');
INSERT INTO `config` (`var`,`val`,`category`,`type`,`type_values`,`ord`,`description`,`year`) VALUES ('volunteer_enable','no','Volunteer Registration','yesno','','100','Allow Volunteers to create accounts and sign up for volunteer positions (positions are configurable in the admin section)','2018');
INSERT INTO `config` (`var`,`val`,`category`,`type`,`type_values`,`ord`,`description`,`year`) VALUES ('volunteer_password_expiry_days','365','Volunteer Registration','number','','300','Volunteer passwords expire and they are forced to choose a new one after this many days. (0 for no expiry)','-1');
INSERT INTO `config` (`var`,`val`,`category`,`type`,`type_values`,`ord`,`description`,`year`) VALUES ('volunteer_password_expiry_days','365','Volunteer Registration','number','','300','Volunteer passwords expire and they are forced to choose a new one after this many days. (0 for no expiry)','2018');
INSERT INTO `config` (`var`,`val`,`category`,`type`,`type_values`,`ord`,`description`,`year`) VALUES ('volunteer_personal_fields','phonehome,phonecell,org','Volunteer Registration','multisel','sex=Gender|phonehome=Home Phone|phonework=Work Phone|phonecell=Cell Phone|fax=Fax|org=Organization|birthdate=Birthdate|lang=Preferred Language|address=Address and PostalCode|city=City|province=Province|firstaid=First Aid and CPR','500','Personal Information to ask for on the Volunteer personal information page (in addition to Name and Email)','-1');
INSERT INTO `config` (`var`,`val`,`category`,`type`,`type_values`,`ord`,`description`,`year`) VALUES ('volunteer_personal_fields','phonehome,phonecell,org','Volunteer Registration','multisel','sex=Gender|phonehome=Home Phone|phonework=Work Phone|phonecell=Cell Phone|fax=Fax|org=Organization|birthdate=Birthdate|lang=Preferred Language|address=Address and PostalCode|city=City|province=Province|firstaid=First Aid and CPR','500','Personal Information to ask for on the Volunteer personal information page (in addition to Name and Email)','2018');
INSERT INTO `config` (`var`,`val`,`category`,`type`,`type_values`,`ord`,`description`,`year`) VALUES ('volunteer_personal_required','','Volunteer Registration','multisel','sex=Gender|phonehome=Home Phone|phonework=Work Phone|phonecell=Cell Phone|fax=Fax|org=Organization|birthdate=Birthdate|lang=Preferred Language|address=Address and PostalCode|city=City|province=Province|firstaid=First Aid and CPR','600','Required Personal Information on the Volunteer personal information page (Name and Email is always required)','-1');
INSERT INTO `config` (`var`,`val`,`category`,`type`,`type_values`,`ord`,`description`,`year`) VALUES ('volunteer_personal_required','','Volunteer Registration','multisel','sex=Gender|phonehome=Home Phone|phonework=Work Phone|phonecell=Cell Phone|fax=Fax|org=Organization|birthdate=Birthdate|lang=Preferred Language|address=Address and PostalCode|city=City|province=Province|firstaid=First Aid and CPR','600','Required Personal Information on the Volunteer personal information page (Name and Email is always required)','2018');
INSERT INTO `config` (`var`,`val`,`category`,`type`,`type_values`,`ord`,`description`,`year`) VALUES ('volunteer_registration_singlepassword','','Volunteer Registration','text','','160','The single password to use if using Single Password Volunteer Registration (the option above this one). Ignored if not using Single Password volunteer registration.','-1');
INSERT INTO `config` (`var`,`val`,`category`,`type`,`type_values`,`ord`,`description`,`year`) VALUES ('volunteer_registration_singlepassword','','Volunteer Registration','text','','160','The single password to use if using Single Password Volunteer Registration (the option above this one). Ignored if not using Single Password volunteer registration.','2018');
INSERT INTO `config` (`var`,`val`,`category`,`type`,`type_values`,`ord`,`description`,`year`) VALUES ('volunteer_registration_type','open','Volunteer Registration','enum','open=Open|singlepassword=Single Password|invite=Invite','150','The type of Volunteer Registration to use','-1');
INSERT INTO `config` (`var`,`val`,`category`,`type`,`type_values`,`ord`,`description`,`year`) VALUES ('volunteer_registration_type','open','Volunteer Registration','enum','open=Open|singlepassword=Single Password|invite=Invite','150','The type of Volunteer Registration to use','2018');
INSERT INTO `config` (`var`,`val`,`category`,`type`,`type_values`,`ord`,`description`,`year`) VALUES ('winners_show_prize_amounts','yes','Global','yesno','','700','Show the dollar amounts of the cash/scholarship prizes on the publicly viewable winners page.','-1');
INSERT INTO `config` (`var`,`val`,`category`,`type`,`type_values`,`ord`,`description`,`year`) VALUES ('winners_show_prize_amounts','yes','Global','yesno','','700','Show the dollar amounts of the cash/scholarship prizes on the publicly viewable winners page.','2018');
#TABLE: countries
INSERT INTO `countries` (`code`,`country`) VALUES ('AD','ANDORRA');
INSERT INTO `countries` (`code`,`country`) VALUES ('AE','UNITED ARAB EMIRATES');
INSERT INTO `countries` (`code`,`country`) VALUES ('AF','AFGHANISTAN');
INSERT INTO `countries` (`code`,`country`) VALUES ('AG','ANTIGUA AND BARBUDA');
INSERT INTO `countries` (`code`,`country`) VALUES ('AI','ANGUILLA');
INSERT INTO `countries` (`code`,`country`) VALUES ('AL','ALBANIA');
INSERT INTO `countries` (`code`,`country`) VALUES ('AM','ARMENIA');
INSERT INTO `countries` (`code`,`country`) VALUES ('AN','NETHERLANDS ANTILLES');
INSERT INTO `countries` (`code`,`country`) VALUES ('AO','ANGOLA');
INSERT INTO `countries` (`code`,`country`) VALUES ('AQ','ANTARCTICA');
INSERT INTO `countries` (`code`,`country`) VALUES ('AR','ARGENTINA');
INSERT INTO `countries` (`code`,`country`) VALUES ('AS','AMERICAN SAMOA');
INSERT INTO `countries` (`code`,`country`) VALUES ('AT','AUSTRIA');
INSERT INTO `countries` (`code`,`country`) VALUES ('AU','AUSTRALIA');
INSERT INTO `countries` (`code`,`country`) VALUES ('AW','ARUBA');
INSERT INTO `countries` (`code`,`country`) VALUES ('AX','LAND ISLANDS');
INSERT INTO `countries` (`code`,`country`) VALUES ('AZ','AZERBAIJAN');
INSERT INTO `countries` (`code`,`country`) VALUES ('BA','BOSNIA AND HERZEGOVINA');
INSERT INTO `countries` (`code`,`country`) VALUES ('BB','BARBADOS');
INSERT INTO `countries` (`code`,`country`) VALUES ('BD','BANGLADESH');
INSERT INTO `countries` (`code`,`country`) VALUES ('BE','BELGIUM');
INSERT INTO `countries` (`code`,`country`) VALUES ('BF','BURKINA FASO');
INSERT INTO `countries` (`code`,`country`) VALUES ('BG','BULGARIA');
INSERT INTO `countries` (`code`,`country`) VALUES ('BH','BAHRAIN');
INSERT INTO `countries` (`code`,`country`) VALUES ('BI','BURUNDI');
INSERT INTO `countries` (`code`,`country`) VALUES ('BJ','BENIN');
INSERT INTO `countries` (`code`,`country`) VALUES ('BL','SAINT BARTHLEMY');
INSERT INTO `countries` (`code`,`country`) VALUES ('BM','BERMUDA');
INSERT INTO `countries` (`code`,`country`) VALUES ('BN','BRUNEI DARUSSALAM');
INSERT INTO `countries` (`code`,`country`) VALUES ('BO','BOLIVIA');
INSERT INTO `countries` (`code`,`country`) VALUES ('BR','BRAZIL');
INSERT INTO `countries` (`code`,`country`) VALUES ('BS','BAHAMAS');
INSERT INTO `countries` (`code`,`country`) VALUES ('BT','BHUTAN');
INSERT INTO `countries` (`code`,`country`) VALUES ('BV','BOUVET ISLAND');
INSERT INTO `countries` (`code`,`country`) VALUES ('BW','BOTSWANA');
INSERT INTO `countries` (`code`,`country`) VALUES ('BY','BELARUS');
INSERT INTO `countries` (`code`,`country`) VALUES ('BZ','BELIZE');
INSERT INTO `countries` (`code`,`country`) VALUES ('CA','CANADA');
INSERT INTO `countries` (`code`,`country`) VALUES ('CC','COCOS (KEELING) ISLANDS');
INSERT INTO `countries` (`code`,`country`) VALUES ('CD','CONGO, THE DEMOCRATIC REPUBLIC OF THE');
INSERT INTO `countries` (`code`,`country`) VALUES ('CF','CENTRAL AFRICAN REPUBLIC');
INSERT INTO `countries` (`code`,`country`) VALUES ('CG','CONGO');
INSERT INTO `countries` (`code`,`country`) VALUES ('CH','SWITZERLAND');
INSERT INTO `countries` (`code`,`country`) VALUES ('CI','CTE D''IVOIRE');
INSERT INTO `countries` (`code`,`country`) VALUES ('CK','COOK ISLANDS');
INSERT INTO `countries` (`code`,`country`) VALUES ('CL','CHILE');
INSERT INTO `countries` (`code`,`country`) VALUES ('CM','CAMEROON');
INSERT INTO `countries` (`code`,`country`) VALUES ('CN','CHINA');
INSERT INTO `countries` (`code`,`country`) VALUES ('CO','COLOMBIA');
INSERT INTO `countries` (`code`,`country`) VALUES ('CR','COSTA RICA');
INSERT INTO `countries` (`code`,`country`) VALUES ('CU','CUBA');
INSERT INTO `countries` (`code`,`country`) VALUES ('CV','CAPE VERDE');
INSERT INTO `countries` (`code`,`country`) VALUES ('CX','CHRISTMAS ISLAND');
INSERT INTO `countries` (`code`,`country`) VALUES ('CY','CYPRUS');
INSERT INTO `countries` (`code`,`country`) VALUES ('CZ','CZECH REPUBLIC');
INSERT INTO `countries` (`code`,`country`) VALUES ('DE','GERMANY');
INSERT INTO `countries` (`code`,`country`) VALUES ('DJ','DJIBOUTI');
INSERT INTO `countries` (`code`,`country`) VALUES ('DK','DENMARK');
INSERT INTO `countries` (`code`,`country`) VALUES ('DM','DOMINICA');
INSERT INTO `countries` (`code`,`country`) VALUES ('DO','DOMINICAN REPUBLIC');
INSERT INTO `countries` (`code`,`country`) VALUES ('DZ','ALGERIA');
INSERT INTO `countries` (`code`,`country`) VALUES ('EC','ECUADOR');
INSERT INTO `countries` (`code`,`country`) VALUES ('EE','ESTONIA');
INSERT INTO `countries` (`code`,`country`) VALUES ('EG','EGYPT');
INSERT INTO `countries` (`code`,`country`) VALUES ('EH','WESTERN SAHARA');
INSERT INTO `countries` (`code`,`country`) VALUES ('ER','ERITREA');
INSERT INTO `countries` (`code`,`country`) VALUES ('ES','SPAIN');
INSERT INTO `countries` (`code`,`country`) VALUES ('ET','ETHIOPIA');
INSERT INTO `countries` (`code`,`country`) VALUES ('FI','FINLAND');
INSERT INTO `countries` (`code`,`country`) VALUES ('FJ','FIJI');
INSERT INTO `countries` (`code`,`country`) VALUES ('FK','FALKLAND ISLANDS (MALVINAS)');
INSERT INTO `countries` (`code`,`country`) VALUES ('FM','MICRONESIA, FEDERATED STATES OF');
INSERT INTO `countries` (`code`,`country`) VALUES ('FO','FAROE ISLANDS');
INSERT INTO `countries` (`code`,`country`) VALUES ('FR','FRANCE');
INSERT INTO `countries` (`code`,`country`) VALUES ('GA','GABON');
INSERT INTO `countries` (`code`,`country`) VALUES ('GB','UNITED KINGDOM');
INSERT INTO `countries` (`code`,`country`) VALUES ('GD','GRENADA');
INSERT INTO `countries` (`code`,`country`) VALUES ('GE','GEORGIA');
INSERT INTO `countries` (`code`,`country`) VALUES ('GF','FRENCH GUIANA');
INSERT INTO `countries` (`code`,`country`) VALUES ('GG','GUERNSEY');
INSERT INTO `countries` (`code`,`country`) VALUES ('GH','GHANA');
INSERT INTO `countries` (`code`,`country`) VALUES ('GI','GIBRALTAR');
INSERT INTO `countries` (`code`,`country`) VALUES ('GL','GREENLAND');
INSERT INTO `countries` (`code`,`country`) VALUES ('GM','GAMBIA');
INSERT INTO `countries` (`code`,`country`) VALUES ('GN','GUINEA');
INSERT INTO `countries` (`code`,`country`) VALUES ('GP','GUADELOUPE');
INSERT INTO `countries` (`code`,`country`) VALUES ('GQ','EQUATORIAL GUINEA');
INSERT INTO `countries` (`code`,`country`) VALUES ('GR','GREECE');
INSERT INTO `countries` (`code`,`country`) VALUES ('GS','SOUTH GEORGIA AND THE SOUTH SANDWICH ISLANDS');
INSERT INTO `countries` (`code`,`country`) VALUES ('GT','GUATEMALA');
INSERT INTO `countries` (`code`,`country`) VALUES ('GU','GUAM');
INSERT INTO `countries` (`code`,`country`) VALUES ('GW','GUINEA-BISSAU');
INSERT INTO `countries` (`code`,`country`) VALUES ('GY','GUYANA');
INSERT INTO `countries` (`code`,`country`) VALUES ('HK','HONG KONG');
INSERT INTO `countries` (`code`,`country`) VALUES ('HM','HEARD ISLAND AND MCDONALD ISLANDS');
INSERT INTO `countries` (`code`,`country`) VALUES ('HN','HONDURAS');
INSERT INTO `countries` (`code`,`country`) VALUES ('HR','CROATIA');
INSERT INTO `countries` (`code`,`country`) VALUES ('HT','HAITI');
INSERT INTO `countries` (`code`,`country`) VALUES ('HU','HUNGARY');
INSERT INTO `countries` (`code`,`country`) VALUES ('ID','INDONESIA');
INSERT INTO `countries` (`code`,`country`) VALUES ('IE','IRELAND');
INSERT INTO `countries` (`code`,`country`) VALUES ('IL','ISRAEL');
INSERT INTO `countries` (`code`,`country`) VALUES ('IM','ISLE OF MAN');
INSERT INTO `countries` (`code`,`country`) VALUES ('IN','INDIA');
INSERT INTO `countries` (`code`,`country`) VALUES ('IO','BRITISH INDIAN OCEAN TERRITORY');
INSERT INTO `countries` (`code`,`country`) VALUES ('IQ','IRAQ');
INSERT INTO `countries` (`code`,`country`) VALUES ('IR','IRAN, ISLAMIC REPUBLIC OF');
INSERT INTO `countries` (`code`,`country`) VALUES ('IS','ICELAND');
INSERT INTO `countries` (`code`,`country`) VALUES ('IT','ITALY');
INSERT INTO `countries` (`code`,`country`) VALUES ('JE','JERSEY');
INSERT INTO `countries` (`code`,`country`) VALUES ('JM','JAMAICA');
INSERT INTO `countries` (`code`,`country`) VALUES ('JO','JORDAN');
INSERT INTO `countries` (`code`,`country`) VALUES ('JP','JAPAN');
INSERT INTO `countries` (`code`,`country`) VALUES ('KE','KENYA');
INSERT INTO `countries` (`code`,`country`) VALUES ('KG','KYRGYZSTAN');
INSERT INTO `countries` (`code`,`country`) VALUES ('KH','CAMBODIA');
INSERT INTO `countries` (`code`,`country`) VALUES ('KI','KIRIBATI');
INSERT INTO `countries` (`code`,`country`) VALUES ('KM','COMOROS');
INSERT INTO `countries` (`code`,`country`) VALUES ('KN','SAINT KITTS AND NEVIS');
INSERT INTO `countries` (`code`,`country`) VALUES ('KP','KOREA, DEMOCRATIC PEOPLE''S REPUBLIC OF');
INSERT INTO `countries` (`code`,`country`) VALUES ('KR','KOREA, REPUBLIC OF');
INSERT INTO `countries` (`code`,`country`) VALUES ('KW','KUWAIT');
INSERT INTO `countries` (`code`,`country`) VALUES ('KY','CAYMAN ISLANDS');
INSERT INTO `countries` (`code`,`country`) VALUES ('KZ','KAZAKHSTAN');
INSERT INTO `countries` (`code`,`country`) VALUES ('LA','LAO PEOPLE''S DEMOCRATIC REPUBLIC');
INSERT INTO `countries` (`code`,`country`) VALUES ('LB','LEBANON');
INSERT INTO `countries` (`code`,`country`) VALUES ('LC','SAINT LUCIA');
INSERT INTO `countries` (`code`,`country`) VALUES ('LI','LIECHTENSTEIN');
INSERT INTO `countries` (`code`,`country`) VALUES ('LK','SRI LANKA');
INSERT INTO `countries` (`code`,`country`) VALUES ('LR','LIBERIA');
INSERT INTO `countries` (`code`,`country`) VALUES ('LS','LESOTHO');
INSERT INTO `countries` (`code`,`country`) VALUES ('LT','LITHUANIA');
INSERT INTO `countries` (`code`,`country`) VALUES ('LU','LUXEMBOURG');
INSERT INTO `countries` (`code`,`country`) VALUES ('LV','LATVIA');
INSERT INTO `countries` (`code`,`country`) VALUES ('LY','LIBYAN ARAB JAMAHIRIYA');
INSERT INTO `countries` (`code`,`country`) VALUES ('MA','MOROCCO');
INSERT INTO `countries` (`code`,`country`) VALUES ('MC','MONACO');
INSERT INTO `countries` (`code`,`country`) VALUES ('MD','MOLDOVA, REPUBLIC OF');
INSERT INTO `countries` (`code`,`country`) VALUES ('ME','MONTENEGRO');
INSERT INTO `countries` (`code`,`country`) VALUES ('MF','SAINT MARTIN');
INSERT INTO `countries` (`code`,`country`) VALUES ('MG','MADAGASCAR');
INSERT INTO `countries` (`code`,`country`) VALUES ('MH','MARSHALL ISLANDS');
INSERT INTO `countries` (`code`,`country`) VALUES ('MK','MACEDONIA, THE FORMER YUGOSLAV REPUBLIC OF');
INSERT INTO `countries` (`code`,`country`) VALUES ('ML','MALI');
INSERT INTO `countries` (`code`,`country`) VALUES ('MM','MYANMAR');
INSERT INTO `countries` (`code`,`country`) VALUES ('MN','MONGOLIA');
INSERT INTO `countries` (`code`,`country`) VALUES ('MO','MACAO');
INSERT INTO `countries` (`code`,`country`) VALUES ('MP','NORTHERN MARIANA ISLANDS');
INSERT INTO `countries` (`code`,`country`) VALUES ('MQ','MARTINIQUE');
INSERT INTO `countries` (`code`,`country`) VALUES ('MR','MAURITANIA');
INSERT INTO `countries` (`code`,`country`) VALUES ('MS','MONTSERRAT');
INSERT INTO `countries` (`code`,`country`) VALUES ('MT','MALTA');
INSERT INTO `countries` (`code`,`country`) VALUES ('MU','MAURITIUS');
INSERT INTO `countries` (`code`,`country`) VALUES ('MV','MALDIVES');
INSERT INTO `countries` (`code`,`country`) VALUES ('MW','MALAWI');
INSERT INTO `countries` (`code`,`country`) VALUES ('MX','MEXICO');
INSERT INTO `countries` (`code`,`country`) VALUES ('MY','MALAYSIA');
INSERT INTO `countries` (`code`,`country`) VALUES ('MZ','MOZAMBIQUE');
INSERT INTO `countries` (`code`,`country`) VALUES ('NA','NAMIBIA');
INSERT INTO `countries` (`code`,`country`) VALUES ('NC','NEW CALEDONIA');
INSERT INTO `countries` (`code`,`country`) VALUES ('NE','NIGER');
INSERT INTO `countries` (`code`,`country`) VALUES ('NF','NORFOLK ISLAND');
INSERT INTO `countries` (`code`,`country`) VALUES ('NG','NIGERIA');
INSERT INTO `countries` (`code`,`country`) VALUES ('NI','NICARAGUA');
INSERT INTO `countries` (`code`,`country`) VALUES ('NL','NETHERLANDS');
INSERT INTO `countries` (`code`,`country`) VALUES ('NO','NORWAY');
INSERT INTO `countries` (`code`,`country`) VALUES ('NP','NEPAL');
INSERT INTO `countries` (`code`,`country`) VALUES ('NR','NAURU');
INSERT INTO `countries` (`code`,`country`) VALUES ('NU','NIUE');
INSERT INTO `countries` (`code`,`country`) VALUES ('NZ','NEW ZEALAND');
INSERT INTO `countries` (`code`,`country`) VALUES ('OM','OMAN');
INSERT INTO `countries` (`code`,`country`) VALUES ('PA','PANAMA');
INSERT INTO `countries` (`code`,`country`) VALUES ('PE','PERU');
INSERT INTO `countries` (`code`,`country`) VALUES ('PF','FRENCH POLYNESIA');
INSERT INTO `countries` (`code`,`country`) VALUES ('PG','PAPUA NEW GUINEA');
INSERT INTO `countries` (`code`,`country`) VALUES ('PH','PHILIPPINES');
INSERT INTO `countries` (`code`,`country`) VALUES ('PK','PAKISTAN');
INSERT INTO `countries` (`code`,`country`) VALUES ('PL','POLAND');
INSERT INTO `countries` (`code`,`country`) VALUES ('PM','SAINT PIERRE AND MIQUELON');
INSERT INTO `countries` (`code`,`country`) VALUES ('PN','PITCAIRN');
INSERT INTO `countries` (`code`,`country`) VALUES ('PR','PUERTO RICO');
INSERT INTO `countries` (`code`,`country`) VALUES ('PS','PALESTINIAN TERRITORY, OCCUPIED');
INSERT INTO `countries` (`code`,`country`) VALUES ('PT','PORTUGAL');
INSERT INTO `countries` (`code`,`country`) VALUES ('PW','PALAU');
INSERT INTO `countries` (`code`,`country`) VALUES ('PY','PARAGUAY');
INSERT INTO `countries` (`code`,`country`) VALUES ('QA','QATAR');
INSERT INTO `countries` (`code`,`country`) VALUES ('RE','REUNION');
INSERT INTO `countries` (`code`,`country`) VALUES ('RO','ROMANIA');
INSERT INTO `countries` (`code`,`country`) VALUES ('RS','SERBIA');
INSERT INTO `countries` (`code`,`country`) VALUES ('RU','RUSSIAN FEDERATION');
INSERT INTO `countries` (`code`,`country`) VALUES ('RW','RWANDA');
INSERT INTO `countries` (`code`,`country`) VALUES ('SA','SAUDI ARABIA');
INSERT INTO `countries` (`code`,`country`) VALUES ('SB','SOLOMON ISLANDS');
INSERT INTO `countries` (`code`,`country`) VALUES ('SC','SEYCHELLES');
INSERT INTO `countries` (`code`,`country`) VALUES ('SD','SUDAN');
INSERT INTO `countries` (`code`,`country`) VALUES ('SE','SWEDEN');
INSERT INTO `countries` (`code`,`country`) VALUES ('SG','SINGAPORE');
INSERT INTO `countries` (`code`,`country`) VALUES ('SH','SAINT HELENA');
INSERT INTO `countries` (`code`,`country`) VALUES ('SI','SLOVENIA');
INSERT INTO `countries` (`code`,`country`) VALUES ('SJ','SVALBARD AND JAN MAYEN');
INSERT INTO `countries` (`code`,`country`) VALUES ('SK','SLOVAKIA');
INSERT INTO `countries` (`code`,`country`) VALUES ('SL','SIERRA LEONE');
INSERT INTO `countries` (`code`,`country`) VALUES ('SM','SAN MARINO');
INSERT INTO `countries` (`code`,`country`) VALUES ('SN','SENEGAL');
INSERT INTO `countries` (`code`,`country`) VALUES ('SO','SOMALIA');
INSERT INTO `countries` (`code`,`country`) VALUES ('SR','SURINAME');
INSERT INTO `countries` (`code`,`country`) VALUES ('ST','SAO TOME AND PRINCIPE');
INSERT INTO `countries` (`code`,`country`) VALUES ('SV','EL SALVADOR');
INSERT INTO `countries` (`code`,`country`) VALUES ('SY','SYRIAN ARAB REPUBLIC');
INSERT INTO `countries` (`code`,`country`) VALUES ('SZ','SWAZILAND');
INSERT INTO `countries` (`code`,`country`) VALUES ('TC','TURKS AND CAICOS ISLANDS');
INSERT INTO `countries` (`code`,`country`) VALUES ('TD','CHAD');
INSERT INTO `countries` (`code`,`country`) VALUES ('TF','FRENCH SOUTHERN TERRITORIES');
INSERT INTO `countries` (`code`,`country`) VALUES ('TG','TOGO');
INSERT INTO `countries` (`code`,`country`) VALUES ('TH','THAILAND');
INSERT INTO `countries` (`code`,`country`) VALUES ('TJ','TAJIKISTAN');
INSERT INTO `countries` (`code`,`country`) VALUES ('TK','TOKELAU');
INSERT INTO `countries` (`code`,`country`) VALUES ('TL','TIMOR-LESTE');
INSERT INTO `countries` (`code`,`country`) VALUES ('TM','TURKMENISTAN');
INSERT INTO `countries` (`code`,`country`) VALUES ('TN','TUNISIA');
INSERT INTO `countries` (`code`,`country`) VALUES ('TO','TONGA');
INSERT INTO `countries` (`code`,`country`) VALUES ('TR','TURKEY');
INSERT INTO `countries` (`code`,`country`) VALUES ('TT','TRINIDAD AND TOBAGO');
INSERT INTO `countries` (`code`,`country`) VALUES ('TV','TUVALU');
INSERT INTO `countries` (`code`,`country`) VALUES ('TW','TAIWAN, PROVINCE OF CHINA');
INSERT INTO `countries` (`code`,`country`) VALUES ('TZ','TANZANIA, UNITED REPUBLIC OF');
INSERT INTO `countries` (`code`,`country`) VALUES ('UA','UKRAINE');
INSERT INTO `countries` (`code`,`country`) VALUES ('UG','UGANDA');
INSERT INTO `countries` (`code`,`country`) VALUES ('UM','UNITED STATES MINOR OUTLYING ISLANDS');
INSERT INTO `countries` (`code`,`country`) VALUES ('US','UNITED STATES');
INSERT INTO `countries` (`code`,`country`) VALUES ('UY','URUGUAY');
INSERT INTO `countries` (`code`,`country`) VALUES ('UZ','UZBEKISTAN');
INSERT INTO `countries` (`code`,`country`) VALUES ('VA','HOLY SEE (VATICAN CITY STATE)');
INSERT INTO `countries` (`code`,`country`) VALUES ('VC','SAINT VINCENT AND THE GRENADINES');
INSERT INTO `countries` (`code`,`country`) VALUES ('VE','VENEZUELA');
INSERT INTO `countries` (`code`,`country`) VALUES ('VG','VIRGIN ISLANDS, BRITISH');
INSERT INTO `countries` (`code`,`country`) VALUES ('VI','VIRGIN ISLANDS, U.S.');
INSERT INTO `countries` (`code`,`country`) VALUES ('VN','VIET NAM');
INSERT INTO `countries` (`code`,`country`) VALUES ('VU','VANUATU');
INSERT INTO `countries` (`code`,`country`) VALUES ('WF','WALLIS AND FUTUNA');
INSERT INTO `countries` (`code`,`country`) VALUES ('WS','SAMOA');
INSERT INTO `countries` (`code`,`country`) VALUES ('YE','YEMEN');
INSERT INTO `countries` (`code`,`country`) VALUES ('YT','MAYOTTE');
INSERT INTO `countries` (`code`,`country`) VALUES ('ZA','SOUTH AFRICA');
INSERT INTO `countries` (`code`,`country`) VALUES ('ZM','ZAMBIA');
INSERT INTO `countries` (`code`,`country`) VALUES ('ZW','ZIMBABWE');
#TABLE: dates
INSERT INTO `dates` (`id`,`date`,`name`,`description`,`year`) VALUES ('1','0000-00-00 00:00:00','fairdate','Date of the fair','-1');
INSERT INTO `dates` (`id`,`date`,`name`,`description`,`year`) VALUES ('2','0000-00-00 00:00:00','regopen','Registration system opens','-1');
INSERT INTO `dates` (`id`,`date`,`name`,`description`,`year`) VALUES ('3','0000-00-00 00:00:00','regclose','Registration system closes','-1');
INSERT INTO `dates` (`id`,`date`,`name`,`description`,`year`) VALUES ('4','0000-00-00 00:00:00','postparticipants','Registered participants are posted on the website','-1');
INSERT INTO `dates` (`id`,`date`,`name`,`description`,`year`) VALUES ('5','0000-00-00 00:00:00','postwinners','Winners are posted on the website','-1');
INSERT INTO `dates` (`id`,`date`,`name`,`description`,`year`) VALUES ('6','0000-00-00 00:00:00','judgeregopen','Judges registration opens','-1');
INSERT INTO `dates` (`id`,`date`,`name`,`description`,`year`) VALUES ('7','0000-00-00 00:00:00','judgeregclose','Judges registration closes','-1');
INSERT INTO `dates` (`id`,`date`,`name`,`description`,`year`) VALUES ('8','0000-00-00 00:00:00','specawardregopen','Special Awards self-nomination opens','-1');
INSERT INTO `dates` (`id`,`date`,`name`,`description`,`year`) VALUES ('9','0000-00-00 00:00:00','specawardregclose','Special Awards self-nomination closes','-1');
INSERT INTO `dates` (`id`,`date`,`name`,`description`,`year`) VALUES ('10','0000-00-00 00:00:00','judgescheduleavailable','Judge assignments and schedule are available to judges','-1');
INSERT INTO `dates` (`id`,`date`,`name`,`description`,`year`) VALUES ('11','2018-03-24 08:00:00','fairdate','Date of the fair','2018');
INSERT INTO `dates` (`id`,`date`,`name`,`description`,`year`) VALUES ('12','2018-02-01 12:00:00','regopen','Registration system opens','2018');
INSERT INTO `dates` (`id`,`date`,`name`,`description`,`year`) VALUES ('13','2018-03-24 00:00:00','regclose','Registration system closes','2018');
INSERT INTO `dates` (`id`,`date`,`name`,`description`,`year`) VALUES ('14','2018-03-18 12:00:00','postparticipants','Registered participants are posted on the website','2018');
INSERT INTO `dates` (`id`,`date`,`name`,`description`,`year`) VALUES ('15','2018-03-24 15:00:00','postwinners','Winners are posted on the website','2018');
INSERT INTO `dates` (`id`,`date`,`name`,`description`,`year`) VALUES ('16','2018-03-01 12:00:00','judgeregopen','Judges registration opens','2018');
INSERT INTO `dates` (`id`,`date`,`name`,`description`,`year`) VALUES ('17','2018-03-24 09:00:00','judgeregclose','Judges registration closes','2018');
INSERT INTO `dates` (`id`,`date`,`name`,`description`,`year`) VALUES ('18','2018-03-11 00:00:00','specawardregopen','Special Awards self-nomination opens','2018');
INSERT INTO `dates` (`id`,`date`,`name`,`description`,`year`) VALUES ('19','2018-03-24 00:00:00','specawardregclose','Special Awards self-nomination closes','2018');
INSERT INTO `dates` (`id`,`date`,`name`,`description`,`year`) VALUES ('20','2018-03-22 12:00:00','judgescheduleavailable','Judge assignments and schedule are available to judges','2018');
#TABLE: documents
#TABLE: emailqueue
#TABLE: emailqueue_recipients
#TABLE: emails
INSERT INTO `emails` (`id`,`val`,`name`,`description`,`from`,`subject`,`body`,`bodyhtml`,`type`,`fundraising_campaigns_id`,`lastsent`) VALUES ('1','register_participants_resend_regnum','Participant Registration - Resend Registration Number','Resend the password to the participant if they submit a ''forgot regnum'' request','','Registration for [FAIRNAME]','We have received a request for the retrieval of your registration number from this email address.  Please find your existing registration number below\r\n\r\nRegistration Number: [REGNUM]\r\n','','system',NULL,NULL);
INSERT INTO `emails` (`id`,`val`,`name`,`description`,`from`,`subject`,`body`,`bodyhtml`,`type`,`fundraising_campaigns_id`,`lastsent`) VALUES ('2','new_participant','New Participant','Email that new participants receive when they are added to the system','','Registration for [FAIRNAME]','A new registration account has been created for you.  To access your registration account, please enter the following registration number into the registration website:\r\n\r\nEmail Address: [EMAIL]\r\nRegistration Number: [REGNUM]\r\n','','system',NULL,NULL);
INSERT INTO `emails` (`id`,`val`,`name`,`description`,`from`,`subject`,`body`,`bodyhtml`,`type`,`fundraising_campaigns_id`,`lastsent`) VALUES ('5','register_participants_received','Participant Registration - Form Received','Sent to the participant when the admin flags their signature form as received','','Registration for [FAIRNAME] Complete','Dear [FIRSTNAME],\r\nYour registration for the [FAIRNAME] is now complete.\r\nYour project number is [PROJECTNUMBER].  Please write down your project number and bring it with you to the fair in order to expedite the check-in process.\r\n\r\nSincerely,\r\n [FAIRNAME]','','system',NULL,NULL);
INSERT INTO `emails` (`id`,`val`,`name`,`description`,`from`,`subject`,`body`,`bodyhtml`,`type`,`fundraising_campaigns_id`,`lastsent`) VALUES ('6','register_participants_paymentpending','Participant Registration - Payment Pending','Sent to the participant when the admin flags their signature form as received but payment pending','','Registration for [FAIRNAME] Not Complete - Payment Pending','Dear [FIRSTNAME],\r\nYour registration for the [FAIRNAME] is not yet complete.  We received your registration form however it was missing the required registration fee.  Please send the required registration fee in aso soon as possible in order to complete your registration.\r\n\r\nYour project number is [PROJECTNUMBER].  Please write down your project number and bring it with you to the fair in order to expedite the check-in process.\r\n\r\nSincerely,\r\n [FAIRNAME]','','system',NULL,NULL);
INSERT INTO `emails` (`id`,`val`,`name`,`description`,`from`,`subject`,`body`,`bodyhtml`,`type`,`fundraising_campaigns_id`,`lastsent`) VALUES ('7','volunteer_welcome','Volunteer Registration - Welcome','Welcome email sent to a volunteer after they have registered for the first time. This email includes their temporary password.','','Volunteer Registration for [FAIRNAME]','Thank you for registering as a volunteer at our fair. Please find your temporary password below. After logging in for the first time you will be prompted to change your password.\n\nVolunteer Email Address: [EMAIL]\nVolunteer Password: [PASSWORD]','','system',NULL,NULL);
INSERT INTO `emails` (`id`,`val`,`name`,`description`,`from`,`subject`,`body`,`bodyhtml`,`type`,`fundraising_campaigns_id`,`lastsent`) VALUES ('8','volunteer_recover_password','Volunteer Registration - Recover Password','Recover the password for a volunteer if they submit a ''forgot password'' request','','Volunteer Registration for [FAIRNAME]','We have received a request for the recovery of your password from this email address. Please find your new password below:\n\nVolunteer Email Address: [EMAIL]\nVolunteer Password: [PASSWORD] ','','system',NULL,NULL);
INSERT INTO `emails` (`id`,`val`,`name`,`description`,`from`,`subject`,`body`,`bodyhtml`,`type`,`fundraising_campaigns_id`,`lastsent`) VALUES ('9','committee_recover_password','Committee Members - Recover Password','Recover the password for a committee member if they submit a ''forgot password'' request','','Committee Member for [FAIRNAME]','We have received a request for the recovery of your password from this email address. Please find your new password below:\n\nCommittee Member Email Address: [EMAIL]\nCommittee Member Password: [PASSWORD] ','','system',NULL,NULL);
INSERT INTO `emails` (`id`,`val`,`name`,`description`,`from`,`subject`,`body`,`bodyhtml`,`type`,`fundraising_campaigns_id`,`lastsent`) VALUES ('10','volunteer_new_invite','Volunteers - New Volunteer Invitation','This is sent to a new volunteer when they are invited using the invite volunteers administration section, only available when the Volunteer Registration Type is set to Invite','','Volunteer Registration for [FAIRNAME]','You have been invited to be a volunteer for the [FAIRNAME].  An account has been created for you to login with and complete your information.  You can login to the volunteer registration site with:\n\nEmail Address: [EMAIL]\nPassword: [PASSWORD]\n\nYou can change your password once you login.','','system',NULL,NULL);
INSERT INTO `emails` (`id`,`val`,`name`,`description`,`from`,`subject`,`body`,`bodyhtml`,`type`,`fundraising_campaigns_id`,`lastsent`) VALUES ('11','volunteer_add_invite','Volunteers - Add Volunteer Invitation','This is sent to existing users when they are invited using the invite volunteers administration section, only available when the Volunteer Registration Type is set to Invite','','Volunteer Registration for [FAIRNAME]','The role of volunteer for the [FAIRNAME] has been added to your account by a committee member.  When you login again, there will be a [Switch Roles] link in the upper right hand area of the page.  Clicking on [Switch Roles] will let you switch between being a Volunteer and your other roles without needing to logout.\n','','system',NULL,NULL);
INSERT INTO `emails` (`id`,`val`,`name`,`description`,`from`,`subject`,`body`,`bodyhtml`,`type`,`fundraising_campaigns_id`,`lastsent`) VALUES ('12','judge_recover_password','Judges - Recover Password','Recover the password for a judge if they submit a ''forgot password'' request','','Password Recovery for [FAIRNAME]','We have received a request for the recovery of your password from this email address. Please find your new password below:\n\nJudge Email Address: [EMAIL]\nJudge Password: [PASSWORD] ','','system',NULL,NULL);
INSERT INTO `emails` (`id`,`val`,`name`,`description`,`from`,`subject`,`body`,`bodyhtml`,`type`,`fundraising_campaigns_id`,`lastsent`) VALUES ('13','judge_welcome','Judges - Welcome','Welcome email sent to a judge after they have registered for the first time. This email includes their temporary password.','','Judge Registration for [FAIRNAME]','Thank you for registering as a judge at our fair. Please find your temporary password below. After logging in for the first time you will be prompted to change your password.\n\nJudge Email Address: [EMAIL]\nJudge Password: [PASSWORD]','','system',NULL,NULL);
INSERT INTO `emails` (`id`,`val`,`name`,`description`,`from`,`subject`,`body`,`bodyhtml`,`type`,`fundraising_campaigns_id`,`lastsent`) VALUES ('14','judge_new_invite','Judges - New Judge Invitation','This is sent to a new judge when they are invited using the invite users  administration option.','','Judge Registration for [FAIRNAME]','You have been invited to be a judge for the [FAIRNAME].  An account has been created for you to login with and complete your information.  You can login to the judge registration site with:\n\nEmail Address: [EMAIL]\nPassword: [PASSWORD]\nYou can change your password once you login.','','system',NULL,NULL);
INSERT INTO `emails` (`id`,`val`,`name`,`description`,`from`,`subject`,`body`,`bodyhtml`,`type`,`fundraising_campaigns_id`,`lastsent`) VALUES ('15','judge_add_invite','Judges - Add Judge Invitation','This is sent to existing users when they are invited using the invite users administration option.','','Judge Registration for [FAIRNAME]','The role of judge for the [FAIRNAME] has been added to your account by a committee member.  When you login again, there will be a [Switch Roles] link in the upper right hand area of the page.  Clicking on [Switch Roles] will let you switch between being a Judge and your other roles without needing to logout.\n','','system',NULL,NULL);
INSERT INTO `emails` (`id`,`val`,`name`,`description`,`from`,`subject`,`body`,`bodyhtml`,`type`,`fundraising_campaigns_id`,`lastsent`) VALUES ('16','judge_activate_reminder','Judges - Activation Reminder','This is sent to existing judges who have not yet activated their account for the current fair year.','','Judge Registration for [FAIRNAME]','This message is to let you know that Judge registration for the [FAIRNAME] is now open.  If you would like to participate in the fair this year please log in to the registration site using your email address ([EMAIL]) an\n','','system',NULL,NULL);
INSERT INTO `emails` (`id`,`val`,`name`,`description`,`from`,`subject`,`body`,`bodyhtml`,`type`,`fundraising_campaigns_id`,`lastsent`) VALUES ('17','volunteer_activate_reminder','Volunteer Registration - Activation Reminder','This is sent to existing volunteers who have not yet activated their account for the current fair year.','','Volunteer Registration for [FAIRNAME]','This message is to let you know that Volunteer registration for the [FAIRNAME] is now open.  If you would like to participate in the fair this year please log in to the registration site using your email address ([EMAIL]).\n','','system',NULL,NULL);
INSERT INTO `emails` (`id`,`val`,`name`,`description`,`from`,`subject`,`body`,`bodyhtml`,`type`,`fundraising_campaigns_id`,`lastsent`) VALUES ('18','fundraising_thankyou_template','Fundraising Thank You Template','Fundraising thank you template to be used to send thank you emails to individual sponsor/donors once a donation is received','','Thank You for your Contribution','Dear [FIRSTNAME],\r\n\r\nThank you for your contribution to the [FAIRNAME]\r\n\r\nSincerely,\r\n [FAIRNAME] Committee\r\n','','system',NULL,NULL);
#TABLE: emergencycontact
#TABLE: exhibithall
#TABLE: fairs
INSERT INTO `fairs` (`id`,`name`,`abbrv`,`type`,`url`,`website`,`username`,`password`,`enable_stats`,`enable_awards`,`enable_winners`,`gather_stats`,`catmap`,`divmap`) VALUES ('1','Youth Science Ontario','YSO','ysc','http://www.scitechontario.org/awarddownloader/index.php','http://www.scitechontario.org/awarddownloader/help.php','','','no','yes','yes','','','');
INSERT INTO `fairs` (`id`,`name`,`abbrv`,`type`,`url`,`website`,`username`,`password`,`enable_stats`,`enable_awards`,`enable_winners`,`gather_stats`,`catmap`,`divmap`) VALUES ('2','Youth Science Canada','YSC','ysc','https://secure.ysf-fsj.ca/awarddownloader/index.php','http://apps.ysf-fsj.ca/awarddownloader/help.php','','','yes','yes','yes','','','');
#TABLE: fairs_awards_link
#TABLE: fairs_stats
#TABLE: fundraising_campaigns
#TABLE: fundraising_campaigns_users_link
#TABLE: fundraising_donations
#TABLE: fundraising_donor_levels
INSERT INTO `fundraising_donor_levels` (`id`,`level`,`min`,`max`,`description`,`fiscalyear`) VALUES ('1','Bronze','100','499','','-1');
INSERT INTO `fundraising_donor_levels` (`id`,`level`,`min`,`max`,`description`,`fiscalyear`) VALUES ('2','Silver','500','999','','-1');
INSERT INTO `fundraising_donor_levels` (`id`,`level`,`min`,`max`,`description`,`fiscalyear`) VALUES ('3','Gold','1000','10000','','-1');
#TABLE: fundraising_donor_logs
#TABLE: fundraising_goals
INSERT INTO `fundraising_goals` (`id`,`goal`,`name`,`description`,`system`,`budget`,`fiscalyear`,`deadline`) VALUES ('1','sfgeneral','Science Fair - General Funds','General funds donated to the science fair may be allocated as the science fair organizers see fit.','yes','0','-1','0000-00-00');
INSERT INTO `fundraising_goals` (`id`,`goal`,`name`,`description`,`system`,`budget`,`fiscalyear`,`deadline`) VALUES ('2','sfawards','Science Fair - Awards','Award Sponsorships are provided to allow an sponsor/donor to give a specific award.','yes','0','-1','0000-00-00');
#TABLE: judges_availability
#TABLE: judges_jdiv
#TABLE: judges_schedulerconfig
INSERT INTO `judges_schedulerconfig` (`var`,`val`,`description`,`year`) VALUES ('max_judges_per_team','4','The maximum number of judges that should be on a judging team','-1');
INSERT INTO `judges_schedulerconfig` (`var`,`val`,`description`,`year`) VALUES ('max_projects_per_team','5','The maximum number of projects that a team can judge','-1');
INSERT INTO `judges_schedulerconfig` (`var`,`val`,`description`,`year`) VALUES ('min_judges_per_team','2','The minimum number of judges that should be on a judging team','-1');
INSERT INTO `judges_schedulerconfig` (`var`,`val`,`description`,`year`) VALUES ('num_timeslots','20','The number of timeslots available during the judging period','-1');
INSERT INTO `judges_schedulerconfig` (`var`,`val`,`description`,`year`) VALUES ('num_times_judged','3','The number of times that each project must be judged (by different judging teams)','-1');
#TABLE: judges_specialaward_sel
#TABLE: judges_teams
#TABLE: judges_teams_awards_link
#TABLE: judges_teams_link
#TABLE: judges_teams_timeslots_link
#TABLE: judges_teams_timeslots_projects_link
#TABLE: judges_timeslots
#TABLE: languages
INSERT INTO `languages` (`lang`,`langname`,`active`) VALUES ('en','English','Y');
INSERT INTO `languages` (`lang`,`langname`,`active`) VALUES ('fr','Franais','Y');
#TABLE: mentors
#TABLE: pagetext
INSERT INTO `pagetext` (`id`,`textname`,`textdescription`,`text`,`lastupdate`,`year`,`lang`) VALUES ('1','register_participants_main_instructions','Participant registration main page instructions','Once all sections are complete, please print the signature page, obtain the required signatures, and mail the signature form, along with any required registration fees to:\r\nInsert address here\r\n\r\nYour forms must be received, post marked by <b>insert date here</b>.  Late entries will not be accepted','0000-00-00 00:00:00','-1','en');
INSERT INTO `pagetext` (`id`,`textname`,`textdescription`,`text`,`lastupdate`,`year`,`lang`) VALUES ('3','register_judge_invite','Judge registration instructions for Invite-Only mode','Thank you for volunteering as a judge for the fair.  Judge registration is by invitation only.  To get started, please contact the chief judge. We will then send you an email with instructions on how to complete your registration. This extra step is only required for first time judges.  We are confident that you will find the experience sufficiently enriching that you will continue to serve as a judge in future years.  Thanks again for your willingness to participate.','2009-10-22 12:56:05','-1','en');
INSERT INTO `pagetext` (`id`,`textname`,`textdescription`,`text`,`lastupdate`,`year`,`lang`) VALUES ('4','register_volunteer_invite','Volunteer registration instructions for Invite-Only mode','Thank you for volunteering for the fair.  Volunteer registration is by invitation only.<br /><br />Please contact the fair and request to be invited as a volunteer.  We will then send you an email with instructions on how to complete your volunteer registration.<br /><br />If you have been invited already, you need to login using the same email address that you were invited with.','0000-00-00 00:00:00','-1','en');
INSERT INTO `pagetext` (`id`,`textname`,`textdescription`,`text`,`lastupdate`,`year`,`lang`) VALUES ('5','schoolaccess','School access login page','Welcome to the School Access Page.  This page allows your school to provide several key pieces of information for the fair, as well as feedback about the schools experience with/at the fair.','0000-00-00 00:00:00','-1','en');
INSERT INTO `pagetext` (`id`,`textname`,`textdescription`,`text`,`lastupdate`,`year`,`lang`) VALUES ('6','register_judge_invite','Judge registration instructions for Invite-Only mode','Thank you for volunteering as a judge for the fair.  Judge registration is by invitation only.  To get started, please contact the chief judge. We will then send you an email with instructions on how to complete your registration. This extra step is only required for first time judges.  We are confident that you will find the experience sufficiently enriching that you will continue to serve as a judge in future years.  Thanks again for your willingness to participate.','0000-00-00 00:00:00','2018','en');
INSERT INTO `pagetext` (`id`,`textname`,`textdescription`,`text`,`lastupdate`,`year`,`lang`) VALUES ('7','register_judge_invite','Judge registration instructions for Invite-Only mode','Thank you for volunteering as a judge for the fair.  Judge registration is by invitation only.  To get started, please contact the chief judge. We will then send you an email with instructions on how to complete your registration. This extra step is only required for first time judges.  We are confident that you will find the experience sufficiently enriching that you will continue to serve as a judge in future years.  Thanks again for your willingness to participate.','0000-00-00 00:00:00','2018','fr');
INSERT INTO `pagetext` (`id`,`textname`,`textdescription`,`text`,`lastupdate`,`year`,`lang`) VALUES ('8','register_participants_main_instructions','Participant registration main page instructions','Once all sections are complete, please print the signature page, obtain the required signatures, and mail the signature form, along with any required registration fees to:\r\nInsert address here\r\n\r\nYour forms must be received, post marked by <b>insert date here</b>.  Late entries will not be accepted','0000-00-00 00:00:00','2018','en');
INSERT INTO `pagetext` (`id`,`textname`,`textdescription`,`text`,`lastupdate`,`year`,`lang`) VALUES ('9','register_participants_main_instructions','Participant registration main page instructions','Once all sections are complete, please print the signature page, obtain the required signatures, and mail the signature form, along with any required registration fees to:\r\nInsert address here\r\n\r\nYour forms must be received, post marked by <b>insert date here</b>.  Late entries will not be accepted','0000-00-00 00:00:00','2018','fr');
INSERT INTO `pagetext` (`id`,`textname`,`textdescription`,`text`,`lastupdate`,`year`,`lang`) VALUES ('10','register_volunteer_invite','Volunteer registration instructions for Invite-Only mode','Thank you for volunteering for the fair.  Volunteer registration is by invitation only.<br /><br />Please contact the fair and request to be invited as a volunteer.  We will then send you an email with instructions on how to complete your volunteer registration.<br /><br />If you have been invited already, you need to login using the same email address that you were invited with.','0000-00-00 00:00:00','2018','en');
INSERT INTO `pagetext` (`id`,`textname`,`textdescription`,`text`,`lastupdate`,`year`,`lang`) VALUES ('11','register_volunteer_invite','Volunteer registration instructions for Invite-Only mode','Thank you for volunteering for the fair.  Volunteer registration is by invitation only.<br /><br />Please contact the fair and request to be invited as a volunteer.  We will then send you an email with instructions on how to complete your volunteer registration.<br /><br />If you have been invited already, you need to login using the same email address that you were invited with.','0000-00-00 00:00:00','2018','fr');
INSERT INTO `pagetext` (`id`,`textname`,`textdescription`,`text`,`lastupdate`,`year`,`lang`) VALUES ('12','schoolaccess','School access login page','Welcome to the School Access Page.  This page allows your school to provide several key pieces of information for the fair, as well as feedback about the schools experience with/at the fair.','0000-00-00 00:00:00','2018','en');
INSERT INTO `pagetext` (`id`,`textname`,`textdescription`,`text`,`lastupdate`,`year`,`lang`) VALUES ('13','schoolaccess','School access login page','Welcome to the School Access Page.  This page allows your school to provide several key pieces of information for the fair, as well as feedback about the schools experience with/at the fair.','0000-00-00 00:00:00','2018','fr');
#TABLE: project_specialawards_link
#TABLE: projectcategories
INSERT INTO `projectcategories` (`id`,`category`,`category_shortform`,`mingrade`,`maxgrade`,`year`) VALUES ('1','Elementary','Ele','4','6','2018');
INSERT INTO `projectcategories` (`id`,`category`,`category_shortform`,`mingrade`,`maxgrade`,`year`) VALUES ('2','Junior ','Jnr','7','8','2018');
INSERT INTO `projectcategories` (`id`,`category`,`category_shortform`,`mingrade`,`maxgrade`,`year`) VALUES ('3','Intermediate','Int','9','10','2018');
INSERT INTO `projectcategories` (`id`,`category`,`category_shortform`,`mingrade`,`maxgrade`,`year`) VALUES ('4','Senior','Sen','11','12','2018');
#TABLE: projectcategoriesdivisions_link
#TABLE: projectdivisions
INSERT INTO `projectdivisions` (`id`,`division`,`division_shortform`,`cwsfdivisionid`,`year`) VALUES ('1','Experiment','Exp','0','2018');
INSERT INTO `projectdivisions` (`id`,`division`,`division_shortform`,`cwsfdivisionid`,`year`) VALUES ('2','Innovation','Inv','0','2018');
INSERT INTO `projectdivisions` (`id`,`division`,`division_shortform`,`cwsfdivisionid`,`year`) VALUES ('3','Study','Std','0','2018');
#TABLE: projectdivisionsselector
#TABLE: projects
#TABLE: projectsubdivisions
INSERT INTO `projectsubdivisions` (`id`,`year`,`projectdivisions_id`,`subdivision`) VALUES ('1','2018','1','Biotechnology & Pharmaceutical Sciences');
INSERT INTO `projectsubdivisions` (`id`,`year`,`projectdivisions_id`,`subdivision`) VALUES ('2','2018','1','Computing and Information Technology');
INSERT INTO `projectsubdivisions` (`id`,`year`,`projectdivisions_id`,`subdivision`) VALUES ('3','2018','1','Earth and Environmental Sciences');
INSERT INTO `projectsubdivisions` (`id`,`year`,`projectdivisions_id`,`subdivision`) VALUES ('4','2018','1','Engineering');
INSERT INTO `projectsubdivisions` (`id`,`year`,`projectdivisions_id`,`subdivision`) VALUES ('5','2018','1','Health Sciences');
INSERT INTO `projectsubdivisions` (`id`,`year`,`projectdivisions_id`,`subdivision`) VALUES ('6','2018','1','Life Sciences');
INSERT INTO `projectsubdivisions` (`id`,`year`,`projectdivisions_id`,`subdivision`) VALUES ('7','2018','1','Physical and Mathematical Sciences');
INSERT INTO `projectsubdivisions` (`id`,`year`,`projectdivisions_id`,`subdivision`) VALUES ('8','2018','1','Automotive');
INSERT INTO `projectsubdivisions` (`id`,`year`,`projectdivisions_id`,`subdivision`) VALUES ('9','2018','1','Environmental Innovation');
INSERT INTO `projectsubdivisions` (`id`,`year`,`projectdivisions_id`,`subdivision`) VALUES ('10','2018','2','Biotechnology & Pharmaceutical Sciences');
INSERT INTO `projectsubdivisions` (`id`,`year`,`projectdivisions_id`,`subdivision`) VALUES ('11','2018','2','Computing and Information Technology');
INSERT INTO `projectsubdivisions` (`id`,`year`,`projectdivisions_id`,`subdivision`) VALUES ('12','2018','2','Earth and Environmental Sciences');
INSERT INTO `projectsubdivisions` (`id`,`year`,`projectdivisions_id`,`subdivision`) VALUES ('13','2018','2','Engineering');
INSERT INTO `projectsubdivisions` (`id`,`year`,`projectdivisions_id`,`subdivision`) VALUES ('14','2018','2','Health Sciences');
INSERT INTO `projectsubdivisions` (`id`,`year`,`projectdivisions_id`,`subdivision`) VALUES ('15','2018','2','Life Sciences');
INSERT INTO `projectsubdivisions` (`id`,`year`,`projectdivisions_id`,`subdivision`) VALUES ('16','2018','2','Physical and Mathematical Sciences');
INSERT INTO `projectsubdivisions` (`id`,`year`,`projectdivisions_id`,`subdivision`) VALUES ('17','2018','2','Automotive');
INSERT INTO `projectsubdivisions` (`id`,`year`,`projectdivisions_id`,`subdivision`) VALUES ('18','2018','2','Environmental Innovation');
INSERT INTO `projectsubdivisions` (`id`,`year`,`projectdivisions_id`,`subdivision`) VALUES ('19','2018','3','Biotechnology & Pharmaceutical Sciences');
INSERT INTO `projectsubdivisions` (`id`,`year`,`projectdivisions_id`,`subdivision`) VALUES ('20','2018','3','Computing and Information Technology');
INSERT INTO `projectsubdivisions` (`id`,`year`,`projectdivisions_id`,`subdivision`) VALUES ('21','2018','3','Earth and Environmental Sciences');
INSERT INTO `projectsubdivisions` (`id`,`year`,`projectdivisions_id`,`subdivision`) VALUES ('22','2018','3','Engineering');
INSERT INTO `projectsubdivisions` (`id`,`year`,`projectdivisions_id`,`subdivision`) VALUES ('23','2018','3','Health Sciences');
INSERT INTO `projectsubdivisions` (`id`,`year`,`projectdivisions_id`,`subdivision`) VALUES ('24','2018','3','Life Sciences');
INSERT INTO `projectsubdivisions` (`id`,`year`,`projectdivisions_id`,`subdivision`) VALUES ('25','2018','3','Physical and Mathematical Sciences');
INSERT INTO `projectsubdivisions` (`id`,`year`,`projectdivisions_id`,`subdivision`) VALUES ('26','2018','3','Automotive');
INSERT INTO `projectsubdivisions` (`id`,`year`,`projectdivisions_id`,`subdivision`) VALUES ('27','2018','3','Environmental Innovation');
#TABLE: provinces
INSERT INTO `provinces` (`code`,`province`,`countries_code`) VALUES ('AB','Alberta','CA');
INSERT INTO `provinces` (`code`,`province`,`countries_code`) VALUES ('AK','Alaska','US');
INSERT INTO `provinces` (`code`,`province`,`countries_code`) VALUES ('AL','Alabama','US');
INSERT INTO `provinces` (`code`,`province`,`countries_code`) VALUES ('AR','Arkansas','US');
INSERT INTO `provinces` (`code`,`province`,`countries_code`) VALUES ('AS','American Samoa','US');
INSERT INTO `provinces` (`code`,`province`,`countries_code`) VALUES ('AZ','Arizona','US');
INSERT INTO `provinces` (`code`,`province`,`countries_code`) VALUES ('BC','British Columbia','CA');
INSERT INTO `provinces` (`code`,`province`,`countries_code`) VALUES ('CA','California','US');
INSERT INTO `provinces` (`code`,`province`,`countries_code`) VALUES ('CO','Colorado','US');
INSERT INTO `provinces` (`code`,`province`,`countries_code`) VALUES ('CT','Connecticut','US');
INSERT INTO `provinces` (`code`,`province`,`countries_code`) VALUES ('DC','District of Columbia','US');
INSERT INTO `provinces` (`code`,`province`,`countries_code`) VALUES ('DE','Delaware','US');
INSERT INTO `provinces` (`code`,`province`,`countries_code`) VALUES ('FL','Florida','US');
INSERT INTO `provinces` (`code`,`province`,`countries_code`) VALUES ('FM','Federated States of Micronesia','US');
INSERT INTO `provinces` (`code`,`province`,`countries_code`) VALUES ('GA','Georgia','US');
INSERT INTO `provinces` (`code`,`province`,`countries_code`) VALUES ('GU','Guam','US');
INSERT INTO `provinces` (`code`,`province`,`countries_code`) VALUES ('HI','Hawaii','US');
INSERT INTO `provinces` (`code`,`province`,`countries_code`) VALUES ('IA','Iowa','US');
INSERT INTO `provinces` (`code`,`province`,`countries_code`) VALUES ('ID','Idaho','US');
INSERT INTO `provinces` (`code`,`province`,`countries_code`) VALUES ('IL','Illinois','US');
INSERT INTO `provinces` (`code`,`province`,`countries_code`) VALUES ('IN','Indiana','US');
INSERT INTO `provinces` (`code`,`province`,`countries_code`) VALUES ('KS','Kansas','US');
INSERT INTO `provinces` (`code`,`province`,`countries_code`) VALUES ('KY','Kentucky','US');
INSERT INTO `provinces` (`code`,`province`,`countries_code`) VALUES ('LA','Louisiana','US');
INSERT INTO `provinces` (`code`,`province`,`countries_code`) VALUES ('MA','Massachusetts','US');
INSERT INTO `provinces` (`code`,`province`,`countries_code`) VALUES ('MB','Manitoba','CA');
INSERT INTO `provinces` (`code`,`province`,`countries_code`) VALUES ('MD','Maryland','US');
INSERT INTO `provinces` (`code`,`province`,`countries_code`) VALUES ('ME','Maine','US');
INSERT INTO `provinces` (`code`,`province`,`countries_code`) VALUES ('MH','Marshall Islands','US');
INSERT INTO `provinces` (`code`,`province`,`countries_code`) VALUES ('MI','Michigan','US');
INSERT INTO `provinces` (`code`,`province`,`countries_code`) VALUES ('MN','Minnesota','US');
INSERT INTO `provinces` (`code`,`province`,`countries_code`) VALUES ('MO','Missouri','US');
INSERT INTO `provinces` (`code`,`province`,`countries_code`) VALUES ('MP','Northern Mariana Islands','US');
INSERT INTO `provinces` (`code`,`province`,`countries_code`) VALUES ('MS','Mississippi','US');
INSERT INTO `provinces` (`code`,`province`,`countries_code`) VALUES ('MT','Montana','US');
INSERT INTO `provinces` (`code`,`province`,`countries_code`) VALUES ('NB','New Brunswick','CA');
INSERT INTO `provinces` (`code`,`province`,`countries_code`) VALUES ('NC','North Carolina','US');
INSERT INTO `provinces` (`code`,`province`,`countries_code`) VALUES ('ND','North Dakota','US');
INSERT INTO `provinces` (`code`,`province`,`countries_code`) VALUES ('NE','Nebraska','US');
INSERT INTO `provinces` (`code`,`province`,`countries_code`) VALUES ('NF','Newfoundland and Labrador','CA');
INSERT INTO `provinces` (`code`,`province`,`countries_code`) VALUES ('NH','New Hampshire','US');
INSERT INTO `provinces` (`code`,`province`,`countries_code`) VALUES ('NJ','New Jersey','US');
INSERT INTO `provinces` (`code`,`province`,`countries_code`) VALUES ('NM','New Mexico','US');
INSERT INTO `provinces` (`code`,`province`,`countries_code`) VALUES ('NS','Nova Scotia','CA');
INSERT INTO `provinces` (`code`,`province`,`countries_code`) VALUES ('NT','Northwest Territories','CA');
INSERT INTO `provinces` (`code`,`province`,`countries_code`) VALUES ('NU','Nunavut','CA');
INSERT INTO `provinces` (`code`,`province`,`countries_code`) VALUES ('NV','Nevada','US');
INSERT INTO `provinces` (`code`,`province`,`countries_code`) VALUES ('NY','New York','US');
INSERT INTO `provinces` (`code`,`province`,`countries_code`) VALUES ('OH','Ohio','US');
INSERT INTO `provinces` (`code`,`province`,`countries_code`) VALUES ('OK','Oklahoma','US');
INSERT INTO `provinces` (`code`,`province`,`countries_code`) VALUES ('ON','Ontario','CA');
INSERT INTO `provinces` (`code`,`province`,`countries_code`) VALUES ('OR','Oregon','US');
INSERT INTO `provinces` (`code`,`province`,`countries_code`) VALUES ('PA','Pennsylvania','US');
INSERT INTO `provinces` (`code`,`province`,`countries_code`) VALUES ('PE','Prince Edward Island','CA');
INSERT INTO `provinces` (`code`,`province`,`countries_code`) VALUES ('PR','Puerto Rico','US');
INSERT INTO `provinces` (`code`,`province`,`countries_code`) VALUES ('PW','Palau','US');
INSERT INTO `provinces` (`code`,`province`,`countries_code`) VALUES ('QC','Qubec','CA');
INSERT INTO `provinces` (`code`,`province`,`countries_code`) VALUES ('RI','Rhode Island','US');
INSERT INTO `provinces` (`code`,`province`,`countries_code`) VALUES ('SC','South Carolina','US');
INSERT INTO `provinces` (`code`,`province`,`countries_code`) VALUES ('SD','South Dakota','US');
INSERT INTO `provinces` (`code`,`province`,`countries_code`) VALUES ('SK','Saskatchewan','CA');
INSERT INTO `provinces` (`code`,`province`,`countries_code`) VALUES ('TN','Tennessee','US');
INSERT INTO `provinces` (`code`,`province`,`countries_code`) VALUES ('TX','Texas','US');
INSERT INTO `provinces` (`code`,`province`,`countries_code`) VALUES ('UT','Utah','US');
INSERT INTO `provinces` (`code`,`province`,`countries_code`) VALUES ('VA','Virginia','US');
INSERT INTO `provinces` (`code`,`province`,`countries_code`) VALUES ('VI','Virgin Islands','US');
INSERT INTO `provinces` (`code`,`province`,`countries_code`) VALUES ('VT','Vermont','US');
INSERT INTO `provinces` (`code`,`province`,`countries_code`) VALUES ('WA','Washington','US');
INSERT INTO `provinces` (`code`,`province`,`countries_code`) VALUES ('WI','Wisconsin','US');
INSERT INTO `provinces` (`code`,`province`,`countries_code`) VALUES ('WV','West Virginia','US');
INSERT INTO `provinces` (`code`,`province`,`countries_code`) VALUES ('WY','Wyoming','US');
INSERT INTO `provinces` (`code`,`province`,`countries_code`) VALUES ('YK','Yukon Territory','CA');
#TABLE: question_answers
INSERT INTO `question_answers` (`id`,`users_id`,`questions_id`,`answer`) VALUES ('1','4','16','yes');
#TABLE: questions
INSERT INTO `questions` (`id`,`year`,`section`,`db_heading`,`question`,`type`,`required`,`ord`) VALUES ('14','-1','judgereg','Attending Lunch','Will you be attending the Judge''s Lunch?','yesno','yes','4');
INSERT INTO `questions` (`id`,`year`,`section`,`db_heading`,`question`,`type`,`required`,`ord`) VALUES ('16','2018','judgereg','Attending Lunch','Will you be attending the Judge''s Breakfast?','yesno','yes','1');
INSERT INTO `questions` (`id`,`year`,`section`,`db_heading`,`question`,`type`,`required`,`ord`) VALUES ('17','2018','judgereg','Experience','Have you judged a science fair in the past?','yesno','yes','2');
INSERT INTO `questions` (`id`,`year`,`section`,`db_heading`,`question`,`type`,`required`,`ord`) VALUES ('18','2018','judgereg','Judge','How many times have you judged science fairs previously?','int','no','3');
INSERT INTO `questions` (`id`,`year`,`section`,`db_heading`,`question`,`type`,`required`,`ord`) VALUES ('19','2018','judgereg','Prep done?','Have you read the judge''s preparation as found at http://cwsf.youthscience.ca/judging-canada-wide-science-fair-0 ?','check','yes','4');
#TABLE: regfee_items
#TABLE: regfee_items_link
#TABLE: registrations
#TABLE: reports
INSERT INTO `reports` (`id`,`system_report_id`,`name`,`desc`,`creator`,`type`) VALUES ('1','1','Student+Project -- Sorted by Last Name','Student Name, Project Number and Title, Category, Division short form sorted by Last Name','The Grant Brothers','student');
INSERT INTO `reports` (`id`,`system_report_id`,`name`,`desc`,`creator`,`type`) VALUES ('2','2','Student+Project -- Sorted by Project Number','Student Name, Project Number and Title, Category sorted by Project Number','The Grant Brothers','student');
INSERT INTO `reports` (`id`,`system_report_id`,`name`,`desc`,`creator`,`type`) VALUES ('3','3','Student+Project -- Grouped by Category','Student Name, Project Number and Title sorted by Last Name, grouped by Category','The Grant Brothers','student');
INSERT INTO `reports` (`id`,`system_report_id`,`name`,`desc`,`creator`,`type`) VALUES ('4','4','Student+Project -- School Names sorted by Last Name','Student Name, Project Num, School Name sorted by Last Name','The Grant Brothers','student');
INSERT INTO `reports` (`id`,`system_report_id`,`name`,`desc`,`creator`,`type`) VALUES ('5','5','Student+Project -- Grouped by School sorted by Last Name','Student Name, Project Number and Name sorted by Last Name, grouped by School Name','The Grant Brothers','student');
INSERT INTO `reports` (`id`,`system_report_id`,`name`,`desc`,`creator`,`type`) VALUES ('6','6','Teacher -- Name and School Info sorted by Teacher Name','Teacher, School Info sorted by Teacher Name','The Grant Brothers','student');
INSERT INTO `reports` (`id`,`system_report_id`,`name`,`desc`,`creator`,`type`) VALUES ('7','7','Teacher -- Names and Contact for each Student by School','Student Name, Teacher Name, Teacher Email, School Phone and Fax grouped by School Name with Addresses','The Grant Brothers','student');
INSERT INTO `reports` (`id`,`system_report_id`,`name`,`desc`,`creator`,`type`) VALUES ('8','8','Awards -- Special Awards Nominations Data','listing of special award nominations for each project, lots of data for excel so you can slice and dice (and check additional requirements)','Ceddy','student');
INSERT INTO `reports` (`id`,`system_report_id`,`name`,`desc`,`creator`,`type`) VALUES ('9','9','Check-in Lists','List of students and partners, project number and name, division, registration fees, tshirt size, sorted by project number, grouped by age category','The Grant Brothers','student');
INSERT INTO `reports` (`id`,`system_report_id`,`name`,`desc`,`creator`,`type`) VALUES ('10','10','Student+Project -- Student (and Partner) grouped by School','Student Pairs, Project Name/Num Grouped by School','The Grant Brothers','student');
INSERT INTO `reports` (`id`,`system_report_id`,`name`,`desc`,`creator`,`type`) VALUES ('11','11','Student+Project -- Grouped by School sorted by Project Number','Individual Students, Project Name/Num Grouped by School','The Grant Brothers','student');
INSERT INTO `reports` (`id`,`system_report_id`,`name`,`desc`,`creator`,`type`) VALUES ('12','12','Student -- T-Shirt List by School','Individual Students, Project Num, TShirt, Grouped by School','The Grant Brothers','student');
INSERT INTO `reports` (`id`,`system_report_id`,`name`,`desc`,`creator`,`type`) VALUES ('13','13','Media -- Program Guide','Project Number, Both student names, and Project Title, grouped by School','The Grant Brothers','student');
INSERT INTO `reports` (`id`,`system_report_id`,`name`,`desc`,`creator`,`type`) VALUES ('14','14','Projects -- Titles and Grades from each School','Project Name/Num, Grade Grouped by School','The Grant Brothers','student');
INSERT INTO `reports` (`id`,`system_report_id`,`name`,`desc`,`creator`,`type`) VALUES ('15','15','Media -- Award Winners List','Project Number, Student Name and Contact info, by each Award','The Grant Brothers','student');
INSERT INTO `reports` (`id`,`system_report_id`,`name`,`desc`,`creator`,`type`) VALUES ('16','16','Projects -- Logistical Display Requirements','Project Number, Students, Electricity, Table, and special needs','The Grant Brothers','student');
INSERT INTO `reports` (`id`,`system_report_id`,`name`,`desc`,`creator`,`type`) VALUES ('17','17','Emergency Contact Information','Emergency Contact Names, Relationship, and Phone Numbers for each student.','The Grant Brothers','student');
INSERT INTO `reports` (`id`,`system_report_id`,`name`,`desc`,`creator`,`type`) VALUES ('18','18','Student -- Grouped by Grade and Gender (YSF Stats)','A list of students grouped by Grade and Gender.  A quick way to total up the info for the YSF regional stats page.','The Grant Brothers','student');
INSERT INTO `reports` (`id`,`system_report_id`,`name`,`desc`,`creator`,`type`) VALUES ('19','19','Student+Project -- Grouped by School, 1 per page','Both students names grouped by school, each school list begins on a new page.','The Grant Brothers','student');
INSERT INTO `reports` (`id`,`system_report_id`,`name`,`desc`,`creator`,`type`) VALUES ('20','20','Judges -- Sorted by Last Name','A list of judge contact info, sorted by last name','The Grant Brothers','judge');
INSERT INTO `reports` (`id`,`system_report_id`,`name`,`desc`,`creator`,`type`) VALUES ('21','21','Judges -- Judging Teams','A list of all the judges, sorted by team number.','The Grant Brothers','judge');
INSERT INTO `reports` (`id`,`system_report_id`,`name`,`desc`,`creator`,`type`) VALUES ('22','22','Awards -- Grouped by Judging Team','List of each judging team, and the awards they are judging','The Grant Brothers','award');
INSERT INTO `reports` (`id`,`system_report_id`,`name`,`desc`,`creator`,`type`) VALUES ('23','23','Awards -- Judging Teams grouped by Award','A list of each award, and the judging teams that will assign it','The Grant Brothers','award');
INSERT INTO `reports` (`id`,`system_report_id`,`name`,`desc`,`creator`,`type`) VALUES ('24','24','Labels -- School Mailing Addresses','School Mailing Addresses ONLY for schools attached to registered students (NOT ALL SCHOOLS) with a blank spot for the teacher''s name, since each student apparently spells their teacher''s name differently.','The Grant Brothers','student');
INSERT INTO `reports` (`id`,`system_report_id`,`name`,`desc`,`creator`,`type`) VALUES ('25','25','Labels -- Student Name and Project Number','Just the students names and project name/number on a label.','The Grant Brothers','student');
INSERT INTO `reports` (`id`,`system_report_id`,`name`,`desc`,`creator`,`type`) VALUES ('26','26','Name Tags -- Students','Name Tags for Students','The Grant Brothers','student');
INSERT INTO `reports` (`id`,`system_report_id`,`name`,`desc`,`creator`,`type`) VALUES ('27','27','Name Tags -- Judges','Name Tags for Judges','The Grant Brothers','judge');
INSERT INTO `reports` (`id`,`system_report_id`,`name`,`desc`,`creator`,`type`) VALUES ('28','28','Name Tags -- Committee Members','Name Tags for Committee Members','The Grant Brothers','committee');
INSERT INTO `reports` (`id`,`system_report_id`,`name`,`desc`,`creator`,`type`) VALUES ('29','29','Labels -- Project Identification (for judging sheets)','Project identification labels for judging sheets','The Grant Brothers','student');
INSERT INTO `reports` (`id`,`system_report_id`,`name`,`desc`,`creator`,`type`) VALUES ('30','30','Labels -- Table Labels','Labels to go on each table, fullpage landscape version','The Grant Brothers','student');
INSERT INTO `reports` (`id`,`system_report_id`,`name`,`desc`,`creator`,`type`) VALUES ('31','31','Awards -- Special Awards Nominations','Special award nominations for each project, grouped by special award, one award per page.','The Grant Brothers','student');
INSERT INTO `reports` (`id`,`system_report_id`,`name`,`desc`,`creator`,`type`) VALUES ('32','32','Student+Project -- Grouped by School Board ID','Student Name, Project Number and Name sorted by Last Name, grouped by School Board ID','The Grant Brothers','student');
INSERT INTO `reports` (`id`,`system_report_id`,`name`,`desc`,`creator`,`type`) VALUES ('33','33','Certificates -- Participation Certificates','A certificate template for each student with name, project name, fair name, and project number at the bottom','The Grant Brothers','student');
INSERT INTO `reports` (`id`,`system_report_id`,`name`,`desc`,`creator`,`type`) VALUES ('34','34','Labels -- Table Labels (small)','Labels to go on each table','The Grant Brothers','student');
INSERT INTO `reports` (`id`,`system_report_id`,`name`,`desc`,`creator`,`type`) VALUES ('35','35','School -- All Schools','List of all schools in the database. Name, address, principal and phone.','The Grant Brothers','school');
INSERT INTO `reports` (`id`,`system_report_id`,`name`,`desc`,`creator`,`type`) VALUES ('36','36','School -- Access Codes','List of access codes and registration passwords for all schools in the database.','The Grant Brothers','school');
INSERT INTO `reports` (`id`,`system_report_id`,`name`,`desc`,`creator`,`type`) VALUES ('37','37','Awards -- Award Sponsor Information','Sponsor information for each award with the primary contact.  This is a large report so the default format is CSV.','The Grant Brothers','award');
INSERT INTO `reports` (`id`,`system_report_id`,`name`,`desc`,`creator`,`type`) VALUES ('38','38','Tours -- All Tour Information','A listing of just the tours and all related info, no student assignments or anything.','The Grant Brothers','tour');
INSERT INTO `reports` (`id`,`system_report_id`,`name`,`desc`,`creator`,`type`) VALUES ('39','39','Tours -- Available Tours','A list of just the tour names and numbers for fair day','The Grant Brothers','tour');
INSERT INTO `reports` (`id`,`system_report_id`,`name`,`desc`,`creator`,`type`) VALUES ('40','40','Tours -- Student Emergency Contact Information','Emergency contact information for each tour, each tour starting on a new page.','The Grant Brothers','student');
INSERT INTO `reports` (`id`,`system_report_id`,`name`,`desc`,`creator`,`type`) VALUES ('41','41','Tours -- Student Tour Assignments','Participant and Tour Assignments, grouped by age category, sorted by project number','The Grant Brothers','student');
INSERT INTO `reports` (`id`,`system_report_id`,`name`,`desc`,`creator`,`type`) VALUES ('42','42','Winners -- Award Ceremony Presentation Data','A CSV dump of all the winners and their prizes.  Useful for importing into an award ceremony presentation, or a document.','The Grant Brothers','student');
INSERT INTO `reports` (`id`,`system_report_id`,`name`,`desc`,`creator`,`type`) VALUES ('43','43','T-Shirt Size Count','A list of tshirt sizes (the blank entry is those students who have selected "none"), and the number of tshirts of each size.','The Grant Brothers','student');
INSERT INTO `reports` (`id`,`system_report_id`,`name`,`desc`,`creator`,`type`) VALUES ('44','44','Labels -- Table Labels (with special award nominations)','Labels for each project.  This report includes the first 5 projects the students have self-nominated for.  There are boxes for judges to initial too.  We realize that each fair may have a different number of projects.  This reports serves as an example of','The Grant Brothers','student');
INSERT INTO `reports` (`id`,`system_report_id`,`name`,`desc`,`creator`,`type`) VALUES ('45','45','School -- All school information for SFIAB CSV import','Generates a CSV file that can be used by another SFIAB to import the school list','The Grant Brothers','school');
INSERT INTO `reports` (`id`,`system_report_id`,`name`,`desc`,`creator`,`type`) VALUES ('46','46','Feeder Fairs -- All Stats','All feeder fair statistics in CSV','The Grant Brothers','fair');
INSERT INTO `reports` (`id`,`system_report_id`,`name`,`desc`,`creator`,`type`) VALUES ('47','47','Labels -- Fundraising Campaign Mailing Labels','Mailing labels for all the contacts attached to a fundraising campaign','The Grant Brothers','fundraising');
#TABLE: reports_committee
#TABLE: reports_items
INSERT INTO `reports_items` (`id`,`reports_id`,`type`,`ord`,`field`,`value`,`x`,`y`,`w`,`h`,`lines`,`face`,`fontname`,`fontstyle`,`fontsize`,`align`,`valign`,`on_overflow`) VALUES ('1','1','col','5','grade','','0','0','0','0','0','','','','0','center','top','truncate');
INSERT INTO `reports_items` (`id`,`reports_id`,`type`,`ord`,`field`,`value`,`x`,`y`,`w`,`h`,`lines`,`face`,`fontname`,`fontstyle`,`fontsize`,`align`,`valign`,`on_overflow`) VALUES ('2','1','col','4','div','','0','0','0','0','0','','','','0','center','top','truncate');
INSERT INTO `reports_items` (`id`,`reports_id`,`type`,`ord`,`field`,`value`,`x`,`y`,`w`,`h`,`lines`,`face`,`fontname`,`fontstyle`,`fontsize`,`align`,`valign`,`on_overflow`) VALUES ('3','1','sort','0','last_name','','0','0','0','0','0','','','','0','center','top','truncate');
INSERT INTO `reports_items` (`id`,`reports_id`,`type`,`ord`,`field`,`value`,`x`,`y`,`w`,`h`,`lines`,`face`,`fontname`,`fontstyle`,`fontsize`,`align`,`valign`,`on_overflow`) VALUES ('4','2','col','3','category','','0','0','0','0','0','','','','0','center','top','truncate');
INSERT INTO `reports_items` (`id`,`reports_id`,`type`,`ord`,`field`,`value`,`x`,`y`,`w`,`h`,`lines`,`face`,`fontname`,`fontstyle`,`fontsize`,`align`,`valign`,`on_overflow`) VALUES ('5','2','col','0','pn','','0','0','0','0','0','','','','0','center','top','truncate');
INSERT INTO `reports_items` (`id`,`reports_id`,`type`,`ord`,`field`,`value`,`x`,`y`,`w`,`h`,`lines`,`face`,`fontname`,`fontstyle`,`fontsize`,`align`,`valign`,`on_overflow`) VALUES ('6','2','sort','0','pn','','0','0','0','0','0','','','','0','center','top','truncate');
INSERT INTO `reports_items` (`id`,`reports_id`,`type`,`ord`,`field`,`value`,`x`,`y`,`w`,`h`,`lines`,`face`,`fontname`,`fontstyle`,`fontsize`,`align`,`valign`,`on_overflow`) VALUES ('7','3','col','3','div','','0','0','0','0','0','','','','0','center','top','truncate');
INSERT INTO `reports_items` (`id`,`reports_id`,`type`,`ord`,`field`,`value`,`x`,`y`,`w`,`h`,`lines`,`face`,`fontname`,`fontstyle`,`fontsize`,`align`,`valign`,`on_overflow`) VALUES ('8','4','option','2','allow_multiline','no','0','0','0','0','0','','','','0','center','top','truncate');
INSERT INTO `reports_items` (`id`,`reports_id`,`type`,`ord`,`field`,`value`,`x`,`y`,`w`,`h`,`lines`,`face`,`fontname`,`fontstyle`,`fontsize`,`align`,`valign`,`on_overflow`) VALUES ('9','3','sort','0','last_name','','0','0','0','0','0','','','','0','center','top','truncate');
INSERT INTO `reports_items` (`id`,`reports_id`,`type`,`ord`,`field`,`value`,`x`,`y`,`w`,`h`,`lines`,`face`,`fontname`,`fontstyle`,`fontsize`,`align`,`valign`,`on_overflow`) VALUES ('10','3','group','0','category','','0','0','0','0','0','','','','0','center','top','truncate');
INSERT INTO `reports_items` (`id`,`reports_id`,`type`,`ord`,`field`,`value`,`x`,`y`,`w`,`h`,`lines`,`face`,`fontname`,`fontstyle`,`fontsize`,`align`,`valign`,`on_overflow`) VALUES ('11','4','col','3','grade','','0','0','0','0','0','','','','0','center','top','truncate');
INSERT INTO `reports_items` (`id`,`reports_id`,`type`,`ord`,`field`,`value`,`x`,`y`,`w`,`h`,`lines`,`face`,`fontname`,`fontstyle`,`fontsize`,`align`,`valign`,`on_overflow`) VALUES ('12','4','col','1','name','','0','0','0','0','0','','','','0','center','top','truncate');
INSERT INTO `reports_items` (`id`,`reports_id`,`type`,`ord`,`field`,`value`,`x`,`y`,`w`,`h`,`lines`,`face`,`fontname`,`fontstyle`,`fontsize`,`align`,`valign`,`on_overflow`) VALUES ('13','4','col','0','pn','','0','0','0','0','0','','','','0','center','top','truncate');
INSERT INTO `reports_items` (`id`,`reports_id`,`type`,`ord`,`field`,`value`,`x`,`y`,`w`,`h`,`lines`,`face`,`fontname`,`fontstyle`,`fontsize`,`align`,`valign`,`on_overflow`) VALUES ('14','4','sort','0','last_name','','0','0','0','0','0','','','','0','center','top','truncate');
INSERT INTO `reports_items` (`id`,`reports_id`,`type`,`ord`,`field`,`value`,`x`,`y`,`w`,`h`,`lines`,`face`,`fontname`,`fontstyle`,`fontsize`,`align`,`valign`,`on_overflow`) VALUES ('15','5','col','3','category','','0','0','0','0','0','','','','0','center','top','truncate');
INSERT INTO `reports_items` (`id`,`reports_id`,`type`,`ord`,`field`,`value`,`x`,`y`,`w`,`h`,`lines`,`face`,`fontname`,`fontstyle`,`fontsize`,`align`,`valign`,`on_overflow`) VALUES ('16','5','col','4','div','','0','0','0','0','0','','','','0','center','top','truncate');
INSERT INTO `reports_items` (`id`,`reports_id`,`type`,`ord`,`field`,`value`,`x`,`y`,`w`,`h`,`lines`,`face`,`fontname`,`fontstyle`,`fontsize`,`align`,`valign`,`on_overflow`) VALUES ('17','5','sort','0','last_name','','0','0','0','0','0','','','','0','center','top','truncate');
INSERT INTO `reports_items` (`id`,`reports_id`,`type`,`ord`,`field`,`value`,`x`,`y`,`w`,`h`,`lines`,`face`,`fontname`,`fontstyle`,`fontsize`,`align`,`valign`,`on_overflow`) VALUES ('18','5','group','0','school','','0','0','0','0','0','','','','0','center','top','truncate');
INSERT INTO `reports_items` (`id`,`reports_id`,`type`,`ord`,`field`,`value`,`x`,`y`,`w`,`h`,`lines`,`face`,`fontname`,`fontstyle`,`fontsize`,`align`,`valign`,`on_overflow`) VALUES ('19','6','col','2','school_phone','','0','0','0','0','0','','','','0','center','top','truncate');
INSERT INTO `reports_items` (`id`,`reports_id`,`type`,`ord`,`field`,`value`,`x`,`y`,`w`,`h`,`lines`,`face`,`fontname`,`fontstyle`,`fontsize`,`align`,`valign`,`on_overflow`) VALUES ('20','6','col','1','school','','0','0','0','0','0','','','','0','center','top','truncate');
INSERT INTO `reports_items` (`id`,`reports_id`,`type`,`ord`,`field`,`value`,`x`,`y`,`w`,`h`,`lines`,`face`,`fontname`,`fontstyle`,`fontsize`,`align`,`valign`,`on_overflow`) VALUES ('21','6','col','0','teacher','','0','0','0','0','0','','','','0','center','top','truncate');
INSERT INTO `reports_items` (`id`,`reports_id`,`type`,`ord`,`field`,`value`,`x`,`y`,`w`,`h`,`lines`,`face`,`fontname`,`fontstyle`,`fontsize`,`align`,`valign`,`on_overflow`) VALUES ('22','6','sort','0','teacher','','0','0','0','0','0','','','','0','center','top','truncate');
INSERT INTO `reports_items` (`id`,`reports_id`,`type`,`ord`,`field`,`value`,`x`,`y`,`w`,`h`,`lines`,`face`,`fontname`,`fontstyle`,`fontsize`,`align`,`valign`,`on_overflow`) VALUES ('23','6','distinct','0','teacher','','0','0','0','0','0','','','','0','center','top','truncate');
INSERT INTO `reports_items` (`id`,`reports_id`,`type`,`ord`,`field`,`value`,`x`,`y`,`w`,`h`,`lines`,`face`,`fontname`,`fontstyle`,`fontsize`,`align`,`valign`,`on_overflow`) VALUES ('24','11','option','2','allow_multiline','no','0','0','0','0','0','','','','0','center','top','truncate');
INSERT INTO `reports_items` (`id`,`reports_id`,`type`,`ord`,`field`,`value`,`x`,`y`,`w`,`h`,`lines`,`face`,`fontname`,`fontstyle`,`fontsize`,`align`,`valign`,`on_overflow`) VALUES ('25','11','option','1','group_new_page','no','0','0','0','0','0','','','','0','center','top','truncate');
INSERT INTO `reports_items` (`id`,`reports_id`,`type`,`ord`,`field`,`value`,`x`,`y`,`w`,`h`,`lines`,`face`,`fontname`,`fontstyle`,`fontsize`,`align`,`valign`,`on_overflow`) VALUES ('26','11','option','0','type','pdf','0','0','0','0','0','','','','0','center','top','truncate');
INSERT INTO `reports_items` (`id`,`reports_id`,`type`,`ord`,`field`,`value`,`x`,`y`,`w`,`h`,`lines`,`face`,`fontname`,`fontstyle`,`fontsize`,`align`,`valign`,`on_overflow`) VALUES ('27','7','col','5','school_fax','','0','0','0','0','0','','','','0','center','top','truncate');
INSERT INTO `reports_items` (`id`,`reports_id`,`type`,`ord`,`field`,`value`,`x`,`y`,`w`,`h`,`lines`,`face`,`fontname`,`fontstyle`,`fontsize`,`align`,`valign`,`on_overflow`) VALUES ('28','7','col','4','school_phone','','0','0','0','0','0','','','','0','center','top','truncate');
INSERT INTO `reports_items` (`id`,`reports_id`,`type`,`ord`,`field`,`value`,`x`,`y`,`w`,`h`,`lines`,`face`,`fontname`,`fontstyle`,`fontsize`,`align`,`valign`,`on_overflow`) VALUES ('29','7','col','3','teacheremail','','0','0','0','0','0','','','','0','center','top','truncate');
INSERT INTO `reports_items` (`id`,`reports_id`,`type`,`ord`,`field`,`value`,`x`,`y`,`w`,`h`,`lines`,`face`,`fontname`,`fontstyle`,`fontsize`,`align`,`valign`,`on_overflow`) VALUES ('30','7','sort','0','pn','','0','0','0','0','0','','','','0','center','top','truncate');
INSERT INTO `reports_items` (`id`,`reports_id`,`type`,`ord`,`field`,`value`,`x`,`y`,`w`,`h`,`lines`,`face`,`fontname`,`fontstyle`,`fontsize`,`align`,`valign`,`on_overflow`) VALUES ('31','9','col','6','div','','0','0','0','0','0','','','','0','center','top','truncate');
INSERT INTO `reports_items` (`id`,`reports_id`,`type`,`ord`,`field`,`value`,`x`,`y`,`w`,`h`,`lines`,`face`,`fontname`,`fontstyle`,`fontsize`,`align`,`valign`,`on_overflow`) VALUES ('32','9','col','5','tshirt','','0','0','0','0','0','','','','0','center','top','truncate');
INSERT INTO `reports_items` (`id`,`reports_id`,`type`,`ord`,`field`,`value`,`x`,`y`,`w`,`h`,`lines`,`face`,`fontname`,`fontstyle`,`fontsize`,`align`,`valign`,`on_overflow`) VALUES ('33','9','col','3','name','','0','0','0','0','0','','','','0','center','top','truncate');
INSERT INTO `reports_items` (`id`,`reports_id`,`type`,`ord`,`field`,`value`,`x`,`y`,`w`,`h`,`lines`,`face`,`fontname`,`fontstyle`,`fontsize`,`align`,`valign`,`on_overflow`) VALUES ('34','9','sort','0','pn','','0','0','0','0','0','','','','0','center','top','truncate');
INSERT INTO `reports_items` (`id`,`reports_id`,`type`,`ord`,`field`,`value`,`x`,`y`,`w`,`h`,`lines`,`face`,`fontname`,`fontstyle`,`fontsize`,`align`,`valign`,`on_overflow`) VALUES ('35','9','group','0','category','','0','0','0','0','0','','','','0','center','top','truncate');
INSERT INTO `reports_items` (`id`,`reports_id`,`type`,`ord`,`field`,`value`,`x`,`y`,`w`,`h`,`lines`,`face`,`fontname`,`fontstyle`,`fontsize`,`align`,`valign`,`on_overflow`) VALUES ('36','9','option','0','type','pdf','0','0','0','0','0','','','','0','center','top','truncate');
INSERT INTO `reports_items` (`id`,`reports_id`,`type`,`ord`,`field`,`value`,`x`,`y`,`w`,`h`,`lines`,`face`,`fontname`,`fontstyle`,`fontsize`,`align`,`valign`,`on_overflow`) VALUES ('37','10','col','2','partner','','0','0','0','0','0','','','','0','center','top','truncate');
INSERT INTO `reports_items` (`id`,`reports_id`,`type`,`ord`,`field`,`value`,`x`,`y`,`w`,`h`,`lines`,`face`,`fontname`,`fontstyle`,`fontsize`,`align`,`valign`,`on_overflow`) VALUES ('38','10','col','1','name','','0','0','0','0','0','','','','0','center','top','truncate');
INSERT INTO `reports_items` (`id`,`reports_id`,`type`,`ord`,`field`,`value`,`x`,`y`,`w`,`h`,`lines`,`face`,`fontname`,`fontstyle`,`fontsize`,`align`,`valign`,`on_overflow`) VALUES ('39','10','col','0','pn','','0','0','0','0','0','','','','0','center','top','truncate');
INSERT INTO `reports_items` (`id`,`reports_id`,`type`,`ord`,`field`,`value`,`x`,`y`,`w`,`h`,`lines`,`face`,`fontname`,`fontstyle`,`fontsize`,`align`,`valign`,`on_overflow`) VALUES ('40','10','sort','0','pn','','0','0','0','0','0','','','','0','center','top','truncate');
INSERT INTO `reports_items` (`id`,`reports_id`,`type`,`ord`,`field`,`value`,`x`,`y`,`w`,`h`,`lines`,`face`,`fontname`,`fontstyle`,`fontsize`,`align`,`valign`,`on_overflow`) VALUES ('41','10','group','0','school','','0','0','0','0','0','','','','0','center','top','truncate');
INSERT INTO `reports_items` (`id`,`reports_id`,`type`,`ord`,`field`,`value`,`x`,`y`,`w`,`h`,`lines`,`face`,`fontname`,`fontstyle`,`fontsize`,`align`,`valign`,`on_overflow`) VALUES ('42','10','distinct','0','pn','','0','0','0','0','0','','','','0','center','top','truncate');
INSERT INTO `reports_items` (`id`,`reports_id`,`type`,`ord`,`field`,`value`,`x`,`y`,`w`,`h`,`lines`,`face`,`fontname`,`fontstyle`,`fontsize`,`align`,`valign`,`on_overflow`) VALUES ('43','2','col','2','title','','0','0','0','0','0','','','','0','center','top','truncate');
INSERT INTO `reports_items` (`id`,`reports_id`,`type`,`ord`,`field`,`value`,`x`,`y`,`w`,`h`,`lines`,`face`,`fontname`,`fontstyle`,`fontsize`,`align`,`valign`,`on_overflow`) VALUES ('44','11','col','4','div','','0','0','0','0','0','','','','0','center','top','truncate');
INSERT INTO `reports_items` (`id`,`reports_id`,`type`,`ord`,`field`,`value`,`x`,`y`,`w`,`h`,`lines`,`face`,`fontname`,`fontstyle`,`fontsize`,`align`,`valign`,`on_overflow`) VALUES ('45','11','col','3','category','','0','0','0','0','0','','','','0','center','top','truncate');
INSERT INTO `reports_items` (`id`,`reports_id`,`type`,`ord`,`field`,`value`,`x`,`y`,`w`,`h`,`lines`,`face`,`fontname`,`fontstyle`,`fontsize`,`align`,`valign`,`on_overflow`) VALUES ('46','11','sort','0','pn','','0','0','0','0','0','','','','0','center','top','truncate');
INSERT INTO `reports_items` (`id`,`reports_id`,`type`,`ord`,`field`,`value`,`x`,`y`,`w`,`h`,`lines`,`face`,`fontname`,`fontstyle`,`fontsize`,`align`,`valign`,`on_overflow`) VALUES ('47','11','group','0','school','','0','0','0','0','0','','','','0','center','top','truncate');
INSERT INTO `reports_items` (`id`,`reports_id`,`type`,`ord`,`field`,`value`,`x`,`y`,`w`,`h`,`lines`,`face`,`fontname`,`fontstyle`,`fontsize`,`align`,`valign`,`on_overflow`) VALUES ('48','12','col','1','name','','0','0','0','0','0','','','','0','center','top','truncate');
INSERT INTO `reports_items` (`id`,`reports_id`,`type`,`ord`,`field`,`value`,`x`,`y`,`w`,`h`,`lines`,`face`,`fontname`,`fontstyle`,`fontsize`,`align`,`valign`,`on_overflow`) VALUES ('49','12','col','0','pn','','0','0','0','0','0','','','','0','center','top','truncate');
INSERT INTO `reports_items` (`id`,`reports_id`,`type`,`ord`,`field`,`value`,`x`,`y`,`w`,`h`,`lines`,`face`,`fontname`,`fontstyle`,`fontsize`,`align`,`valign`,`on_overflow`) VALUES ('50','12','sort','0','pn','','0','0','0','0','0','','','','0','center','top','truncate');
INSERT INTO `reports_items` (`id`,`reports_id`,`type`,`ord`,`field`,`value`,`x`,`y`,`w`,`h`,`lines`,`face`,`fontname`,`fontstyle`,`fontsize`,`align`,`valign`,`on_overflow`) VALUES ('51','12','group','0','school','','0','0','0','0','0','','','','0','center','top','truncate');
INSERT INTO `reports_items` (`id`,`reports_id`,`type`,`ord`,`field`,`value`,`x`,`y`,`w`,`h`,`lines`,`face`,`fontname`,`fontstyle`,`fontsize`,`align`,`valign`,`on_overflow`) VALUES ('52','13','col','1','bothnames','','0','0','0','0','0','','','','0','center','top','truncate');
INSERT INTO `reports_items` (`id`,`reports_id`,`type`,`ord`,`field`,`value`,`x`,`y`,`w`,`h`,`lines`,`face`,`fontname`,`fontstyle`,`fontsize`,`align`,`valign`,`on_overflow`) VALUES ('53','13','col','0','pn','','0','0','0','0','0','','','','0','center','top','truncate');
INSERT INTO `reports_items` (`id`,`reports_id`,`type`,`ord`,`field`,`value`,`x`,`y`,`w`,`h`,`lines`,`face`,`fontname`,`fontstyle`,`fontsize`,`align`,`valign`,`on_overflow`) VALUES ('54','13','sort','0','pn','','0','0','0','0','0','','','','0','center','top','truncate');
INSERT INTO `reports_items` (`id`,`reports_id`,`type`,`ord`,`field`,`value`,`x`,`y`,`w`,`h`,`lines`,`face`,`fontname`,`fontstyle`,`fontsize`,`align`,`valign`,`on_overflow`) VALUES ('55','13','group','0','school','','0','0','0','0','0','','','','0','center','top','truncate');
INSERT INTO `reports_items` (`id`,`reports_id`,`type`,`ord`,`field`,`value`,`x`,`y`,`w`,`h`,`lines`,`face`,`fontname`,`fontstyle`,`fontsize`,`align`,`valign`,`on_overflow`) VALUES ('56','13','distinct','0','pn','','0','0','0','0','0','','','','0','center','top','truncate');
INSERT INTO `reports_items` (`id`,`reports_id`,`type`,`ord`,`field`,`value`,`x`,`y`,`w`,`h`,`lines`,`face`,`fontname`,`fontstyle`,`fontsize`,`align`,`valign`,`on_overflow`) VALUES ('57','14','col','0','pn','','0','0','0','0','0','','','','0','center','top','truncate');
INSERT INTO `reports_items` (`id`,`reports_id`,`type`,`ord`,`field`,`value`,`x`,`y`,`w`,`h`,`lines`,`face`,`fontname`,`fontstyle`,`fontsize`,`align`,`valign`,`on_overflow`) VALUES ('58','14','sort','0','pn','','0','0','0','0','0','','','','0','center','top','truncate');
INSERT INTO `reports_items` (`id`,`reports_id`,`type`,`ord`,`field`,`value`,`x`,`y`,`w`,`h`,`lines`,`face`,`fontname`,`fontstyle`,`fontsize`,`align`,`valign`,`on_overflow`) VALUES ('59','14','group','0','school','','0','0','0','0','0','','','','0','center','top','truncate');
INSERT INTO `reports_items` (`id`,`reports_id`,`type`,`ord`,`field`,`value`,`x`,`y`,`w`,`h`,`lines`,`face`,`fontname`,`fontstyle`,`fontsize`,`align`,`valign`,`on_overflow`) VALUES ('60','14','distinct','0','pn','','0','0','0','0','0','','','','0','center','top','truncate');
INSERT INTO `reports_items` (`id`,`reports_id`,`type`,`ord`,`field`,`value`,`x`,`y`,`w`,`h`,`lines`,`face`,`fontname`,`fontstyle`,`fontsize`,`align`,`valign`,`on_overflow`) VALUES ('61','15','col','5','postal','','0','0','0','0','0','','','','0','center','top','truncate');
INSERT INTO `reports_items` (`id`,`reports_id`,`type`,`ord`,`field`,`value`,`x`,`y`,`w`,`h`,`lines`,`face`,`fontname`,`fontstyle`,`fontsize`,`align`,`valign`,`on_overflow`) VALUES ('62','15','col','4','province','','0','0','0','0','0','','','','0','center','top','truncate');
INSERT INTO `reports_items` (`id`,`reports_id`,`type`,`ord`,`field`,`value`,`x`,`y`,`w`,`h`,`lines`,`face`,`fontname`,`fontstyle`,`fontsize`,`align`,`valign`,`on_overflow`) VALUES ('63','15','col','3','city','','0','0','0','0','0','','','','0','center','top','truncate');
INSERT INTO `reports_items` (`id`,`reports_id`,`type`,`ord`,`field`,`value`,`x`,`y`,`w`,`h`,`lines`,`face`,`fontname`,`fontstyle`,`fontsize`,`align`,`valign`,`on_overflow`) VALUES ('64','15','col','2','address','','0','0','0','0','0','','','','0','center','top','truncate');
INSERT INTO `reports_items` (`id`,`reports_id`,`type`,`ord`,`field`,`value`,`x`,`y`,`w`,`h`,`lines`,`face`,`fontname`,`fontstyle`,`fontsize`,`align`,`valign`,`on_overflow`) VALUES ('65','15','col','1','name','','0','0','0','0','0','','','','0','center','top','truncate');
INSERT INTO `reports_items` (`id`,`reports_id`,`type`,`ord`,`field`,`value`,`x`,`y`,`w`,`h`,`lines`,`face`,`fontname`,`fontstyle`,`fontsize`,`align`,`valign`,`on_overflow`) VALUES ('66','15','sort','0','pn','','0','0','0','0','0','','','','0','center','top','truncate');
INSERT INTO `reports_items` (`id`,`reports_id`,`type`,`ord`,`field`,`value`,`x`,`y`,`w`,`h`,`lines`,`face`,`fontname`,`fontstyle`,`fontsize`,`align`,`valign`,`on_overflow`) VALUES ('67','15','group','0','awards','','0','0','0','0','0','','','','0','center','top','truncate');
INSERT INTO `reports_items` (`id`,`reports_id`,`type`,`ord`,`field`,`value`,`x`,`y`,`w`,`h`,`lines`,`face`,`fontname`,`fontstyle`,`fontsize`,`align`,`valign`,`on_overflow`) VALUES ('68','1','option','2','allow_multiline','yes','0','0','0','0','0','','','','0','center','top','truncate');
INSERT INTO `reports_items` (`id`,`reports_id`,`type`,`ord`,`field`,`value`,`x`,`y`,`w`,`h`,`lines`,`face`,`fontname`,`fontstyle`,`fontsize`,`align`,`valign`,`on_overflow`) VALUES ('69','1','option','1','group_new_page','no','0','0','0','0','0','','','','0','center','top','truncate');
INSERT INTO `reports_items` (`id`,`reports_id`,`type`,`ord`,`field`,`value`,`x`,`y`,`w`,`h`,`lines`,`face`,`fontname`,`fontstyle`,`fontsize`,`align`,`valign`,`on_overflow`) VALUES ('70','1','option','0','type','pdf','0','0','0','0','0','','','','0','center','top','truncate');
INSERT INTO `reports_items` (`id`,`reports_id`,`type`,`ord`,`field`,`value`,`x`,`y`,`w`,`h`,`lines`,`face`,`fontname`,`fontstyle`,`fontsize`,`align`,`valign`,`on_overflow`) VALUES ('71','1','col','3','category','','0','0','0','0','0','','','','0','center','top','truncate');
INSERT INTO `reports_items` (`id`,`reports_id`,`type`,`ord`,`field`,`value`,`x`,`y`,`w`,`h`,`lines`,`face`,`fontname`,`fontstyle`,`fontsize`,`align`,`valign`,`on_overflow`) VALUES ('72','1','col','2','title','','0','0','0','0','0','','','','0','center','top','truncate');
INSERT INTO `reports_items` (`id`,`reports_id`,`type`,`ord`,`field`,`value`,`x`,`y`,`w`,`h`,`lines`,`face`,`fontname`,`fontstyle`,`fontsize`,`align`,`valign`,`on_overflow`) VALUES ('73','3','col','1','name','','0','0','0','0','0','','','','0','center','top','truncate');
INSERT INTO `reports_items` (`id`,`reports_id`,`type`,`ord`,`field`,`value`,`x`,`y`,`w`,`h`,`lines`,`face`,`fontname`,`fontstyle`,`fontsize`,`align`,`valign`,`on_overflow`) VALUES ('74','3','option','2','allow_multiline','no','0','0','0','0','0','','','','0','center','top','truncate');
INSERT INTO `reports_items` (`id`,`reports_id`,`type`,`ord`,`field`,`value`,`x`,`y`,`w`,`h`,`lines`,`face`,`fontname`,`fontstyle`,`fontsize`,`align`,`valign`,`on_overflow`) VALUES ('75','3','option','1','group_new_page','no','0','0','0','0','0','','','','0','center','top','truncate');
INSERT INTO `reports_items` (`id`,`reports_id`,`type`,`ord`,`field`,`value`,`x`,`y`,`w`,`h`,`lines`,`face`,`fontname`,`fontstyle`,`fontsize`,`align`,`valign`,`on_overflow`) VALUES ('76','9','col','4','partner','','0','0','0','0','0','','','','0','center','top','truncate');
INSERT INTO `reports_items` (`id`,`reports_id`,`type`,`ord`,`field`,`value`,`x`,`y`,`w`,`h`,`lines`,`face`,`fontname`,`fontstyle`,`fontsize`,`align`,`valign`,`on_overflow`) VALUES ('77','9','col','2','title','','0','0','0','0','0','','','','0','center','top','truncate');
INSERT INTO `reports_items` (`id`,`reports_id`,`type`,`ord`,`field`,`value`,`x`,`y`,`w`,`h`,`lines`,`face`,`fontname`,`fontstyle`,`fontsize`,`align`,`valign`,`on_overflow`) VALUES ('78','9','option','2','allow_multiline','no','0','0','0','0','0','','','','0','center','top','truncate');
INSERT INTO `reports_items` (`id`,`reports_id`,`type`,`ord`,`field`,`value`,`x`,`y`,`w`,`h`,`lines`,`face`,`fontname`,`fontstyle`,`fontsize`,`align`,`valign`,`on_overflow`) VALUES ('79','9','col','1','pn','','0','0','0','0','0','','','','0','center','top','truncate');
INSERT INTO `reports_items` (`id`,`reports_id`,`type`,`ord`,`field`,`value`,`x`,`y`,`w`,`h`,`lines`,`face`,`fontname`,`fontstyle`,`fontsize`,`align`,`valign`,`on_overflow`) VALUES ('80','9','option','1','group_new_page','yes','0','0','0','0','0','','','','0','center','top','truncate');
INSERT INTO `reports_items` (`id`,`reports_id`,`type`,`ord`,`field`,`value`,`x`,`y`,`w`,`h`,`lines`,`face`,`fontname`,`fontstyle`,`fontsize`,`align`,`valign`,`on_overflow`) VALUES ('81','5','col','5','grade','','0','0','0','0','0','','','','0','center','top','truncate');
INSERT INTO `reports_items` (`id`,`reports_id`,`type`,`ord`,`field`,`value`,`x`,`y`,`w`,`h`,`lines`,`face`,`fontname`,`fontstyle`,`fontsize`,`align`,`valign`,`on_overflow`) VALUES ('82','5','option','1','group_new_page','no','0','0','0','0','0','','','','0','center','top','truncate');
INSERT INTO `reports_items` (`id`,`reports_id`,`type`,`ord`,`field`,`value`,`x`,`y`,`w`,`h`,`lines`,`face`,`fontname`,`fontstyle`,`fontsize`,`align`,`valign`,`on_overflow`) VALUES ('83','5','option','2','allow_multiline','no','0','0','0','0','0','','','','0','center','top','truncate');
INSERT INTO `reports_items` (`id`,`reports_id`,`type`,`ord`,`field`,`value`,`x`,`y`,`w`,`h`,`lines`,`face`,`fontname`,`fontstyle`,`fontsize`,`align`,`valign`,`on_overflow`) VALUES ('84','3','col','2','title','','0','0','0','0','0','','','','0','center','top','truncate');
INSERT INTO `reports_items` (`id`,`reports_id`,`type`,`ord`,`field`,`value`,`x`,`y`,`w`,`h`,`lines`,`face`,`fontname`,`fontstyle`,`fontsize`,`align`,`valign`,`on_overflow`) VALUES ('85','4','col','2','school','','0','0','0','0','0','','','','0','center','top','truncate');
INSERT INTO `reports_items` (`id`,`reports_id`,`type`,`ord`,`field`,`value`,`x`,`y`,`w`,`h`,`lines`,`face`,`fontname`,`fontstyle`,`fontsize`,`align`,`valign`,`on_overflow`) VALUES ('86','7','col','2','teacher','','0','0','0','0','0','','','','0','center','top','truncate');
INSERT INTO `reports_items` (`id`,`reports_id`,`type`,`ord`,`field`,`value`,`x`,`y`,`w`,`h`,`lines`,`face`,`fontname`,`fontstyle`,`fontsize`,`align`,`valign`,`on_overflow`) VALUES ('87','7','group','1','schooladdr','','0','0','0','0','0','','','','0','center','top','truncate');
INSERT INTO `reports_items` (`id`,`reports_id`,`type`,`ord`,`field`,`value`,`x`,`y`,`w`,`h`,`lines`,`face`,`fontname`,`fontstyle`,`fontsize`,`align`,`valign`,`on_overflow`) VALUES ('88','7','option','0','type','pdf','0','0','0','0','0','','','','0','center','top','truncate');
INSERT INTO `reports_items` (`id`,`reports_id`,`type`,`ord`,`field`,`value`,`x`,`y`,`w`,`h`,`lines`,`face`,`fontname`,`fontstyle`,`fontsize`,`align`,`valign`,`on_overflow`) VALUES ('89','11','col','5','grade','','0','0','0','0','0','','','','0','center','top','truncate');
INSERT INTO `reports_items` (`id`,`reports_id`,`type`,`ord`,`field`,`value`,`x`,`y`,`w`,`h`,`lines`,`face`,`fontname`,`fontstyle`,`fontsize`,`align`,`valign`,`on_overflow`) VALUES ('90','2','col','1','name','','0','0','0','0','0','','','','0','center','top','truncate');
INSERT INTO `reports_items` (`id`,`reports_id`,`type`,`ord`,`field`,`value`,`x`,`y`,`w`,`h`,`lines`,`face`,`fontname`,`fontstyle`,`fontsize`,`align`,`valign`,`on_overflow`) VALUES ('91','2','option','1','group_new_page','no','0','0','0','0','0','','','','0','center','top','truncate');
INSERT INTO `reports_items` (`id`,`reports_id`,`type`,`ord`,`field`,`value`,`x`,`y`,`w`,`h`,`lines`,`face`,`fontname`,`fontstyle`,`fontsize`,`align`,`valign`,`on_overflow`) VALUES ('92','2','option','0','type','pdf','0','0','0','0','0','','','','0','center','top','truncate');
INSERT INTO `reports_items` (`id`,`reports_id`,`type`,`ord`,`field`,`value`,`x`,`y`,`w`,`h`,`lines`,`face`,`fontname`,`fontstyle`,`fontsize`,`align`,`valign`,`on_overflow`) VALUES ('93','12','col','2','tshirt','','0','0','0','0','0','','','','0','center','top','truncate');
INSERT INTO `reports_items` (`id`,`reports_id`,`type`,`ord`,`field`,`value`,`x`,`y`,`w`,`h`,`lines`,`face`,`fontname`,`fontstyle`,`fontsize`,`align`,`valign`,`on_overflow`) VALUES ('94','12','option','1','group_new_page','no','0','0','0','0','0','','','','0','center','top','truncate');
INSERT INTO `reports_items` (`id`,`reports_id`,`type`,`ord`,`field`,`value`,`x`,`y`,`w`,`h`,`lines`,`face`,`fontname`,`fontstyle`,`fontsize`,`align`,`valign`,`on_overflow`) VALUES ('95','7','option','1','group_new_page','no','0','0','0','0','0','','','','0','center','top','truncate');
INSERT INTO `reports_items` (`id`,`reports_id`,`type`,`ord`,`field`,`value`,`x`,`y`,`w`,`h`,`lines`,`face`,`fontname`,`fontstyle`,`fontsize`,`align`,`valign`,`on_overflow`) VALUES ('96','12','option','2','allow_multiline','no','0','0','0','0','0','','','','0','center','top','truncate');
INSERT INTO `reports_items` (`id`,`reports_id`,`type`,`ord`,`field`,`value`,`x`,`y`,`w`,`h`,`lines`,`face`,`fontname`,`fontstyle`,`fontsize`,`align`,`valign`,`on_overflow`) VALUES ('97','12','option','0','type','pdf','0','0','0','0','0','','','','0','center','top','truncate');
INSERT INTO `reports_items` (`id`,`reports_id`,`type`,`ord`,`field`,`value`,`x`,`y`,`w`,`h`,`lines`,`face`,`fontname`,`fontstyle`,`fontsize`,`align`,`valign`,`on_overflow`) VALUES ('98','7','col','1','name','','0','0','0','0','0','','','','0','center','top','truncate');
INSERT INTO `reports_items` (`id`,`reports_id`,`type`,`ord`,`field`,`value`,`x`,`y`,`w`,`h`,`lines`,`face`,`fontname`,`fontstyle`,`fontsize`,`align`,`valign`,`on_overflow`) VALUES ('99','7','col','0','pn','','0','0','0','0','0','','','','0','center','top','truncate');
INSERT INTO `reports_items` (`id`,`reports_id`,`type`,`ord`,`field`,`value`,`x`,`y`,`w`,`h`,`lines`,`face`,`fontname`,`fontstyle`,`fontsize`,`align`,`valign`,`on_overflow`) VALUES ('100','7','group','0','school','','0','0','0','0','0','','','','0','center','top','truncate');
INSERT INTO `reports_items` (`id`,`reports_id`,`type`,`ord`,`field`,`value`,`x`,`y`,`w`,`h`,`lines`,`face`,`fontname`,`fontstyle`,`fontsize`,`align`,`valign`,`on_overflow`) VALUES ('101','15','col','0','pn','','0','0','0','0','0','','','','0','center','top','truncate');
INSERT INTO `reports_items` (`id`,`reports_id`,`type`,`ord`,`field`,`value`,`x`,`y`,`w`,`h`,`lines`,`face`,`fontname`,`fontstyle`,`fontsize`,`align`,`valign`,`on_overflow`) VALUES ('102','15','option','2','allow_multiline','no','0','0','0','0','0','','','','0','center','top','truncate');
INSERT INTO `reports_items` (`id`,`reports_id`,`type`,`ord`,`field`,`value`,`x`,`y`,`w`,`h`,`lines`,`face`,`fontname`,`fontstyle`,`fontsize`,`align`,`valign`,`on_overflow`) VALUES ('103','15','option','1','group_new_page','no','0','0','0','0','0','','','','0','center','top','truncate');
INSERT INTO `reports_items` (`id`,`reports_id`,`type`,`ord`,`field`,`value`,`x`,`y`,`w`,`h`,`lines`,`face`,`fontname`,`fontstyle`,`fontsize`,`align`,`valign`,`on_overflow`) VALUES ('104','15','option','0','type','pdf','0','0','0','0','0','','','','0','center','top','truncate');
INSERT INTO `reports_items` (`id`,`reports_id`,`type`,`ord`,`field`,`value`,`x`,`y`,`w`,`h`,`lines`,`face`,`fontname`,`fontstyle`,`fontsize`,`align`,`valign`,`on_overflow`) VALUES ('105','13','col','2','title','','0','0','0','0','0','','','','0','center','top','truncate');
INSERT INTO `reports_items` (`id`,`reports_id`,`type`,`ord`,`field`,`value`,`x`,`y`,`w`,`h`,`lines`,`face`,`fontname`,`fontstyle`,`fontsize`,`align`,`valign`,`on_overflow`) VALUES ('106','13','option','2','allow_multiline','no','0','0','0','0','0','','','','0','center','top','truncate');
INSERT INTO `reports_items` (`id`,`reports_id`,`type`,`ord`,`field`,`value`,`x`,`y`,`w`,`h`,`lines`,`face`,`fontname`,`fontstyle`,`fontsize`,`align`,`valign`,`on_overflow`) VALUES ('107','13','option','1','group_new_page','no','0','0','0','0','0','','','','0','center','top','truncate');
INSERT INTO `reports_items` (`id`,`reports_id`,`type`,`ord`,`field`,`value`,`x`,`y`,`w`,`h`,`lines`,`face`,`fontname`,`fontstyle`,`fontsize`,`align`,`valign`,`on_overflow`) VALUES ('108','13','option','0','type','pdf','0','0','0','0','0','','','','0','center','top','truncate');
INSERT INTO `reports_items` (`id`,`reports_id`,`type`,`ord`,`field`,`value`,`x`,`y`,`w`,`h`,`lines`,`face`,`fontname`,`fontstyle`,`fontsize`,`align`,`valign`,`on_overflow`) VALUES ('109','14','col','1','title','','0','0','0','0','0','','','','0','center','top','truncate');
INSERT INTO `reports_items` (`id`,`reports_id`,`type`,`ord`,`field`,`value`,`x`,`y`,`w`,`h`,`lines`,`face`,`fontname`,`fontstyle`,`fontsize`,`align`,`valign`,`on_overflow`) VALUES ('110','14','option','2','allow_multiline','no','0','0','0','0','0','','','','0','center','top','truncate');
INSERT INTO `reports_items` (`id`,`reports_id`,`type`,`ord`,`field`,`value`,`x`,`y`,`w`,`h`,`lines`,`face`,`fontname`,`fontstyle`,`fontsize`,`align`,`valign`,`on_overflow`) VALUES ('111','14','option','1','group_new_page','no','0','0','0','0','0','','','','0','center','top','truncate');
INSERT INTO `reports_items` (`id`,`reports_id`,`type`,`ord`,`field`,`value`,`x`,`y`,`w`,`h`,`lines`,`face`,`fontname`,`fontstyle`,`fontsize`,`align`,`valign`,`on_overflow`) VALUES ('112','14','option','0','type','pdf','0','0','0','0','0','','','','0','center','top','truncate');
INSERT INTO `reports_items` (`id`,`reports_id`,`type`,`ord`,`field`,`value`,`x`,`y`,`w`,`h`,`lines`,`face`,`fontname`,`fontstyle`,`fontsize`,`align`,`valign`,`on_overflow`) VALUES ('113','16','col','3','req_table','','0','0','0','0','0','','','','0','','top','truncate');
INSERT INTO `reports_items` (`id`,`reports_id`,`type`,`ord`,`field`,`value`,`x`,`y`,`w`,`h`,`lines`,`face`,`fontname`,`fontstyle`,`fontsize`,`align`,`valign`,`on_overflow`) VALUES ('114','16','col','2','req_elec','','0','0','0','0','0','','','','0','','top','truncate');
INSERT INTO `reports_items` (`id`,`reports_id`,`type`,`ord`,`field`,`value`,`x`,`y`,`w`,`h`,`lines`,`face`,`fontname`,`fontstyle`,`fontsize`,`align`,`valign`,`on_overflow`) VALUES ('115','16','col','1','title','','0','0','0','0','0','','','','0','','top','truncate');
INSERT INTO `reports_items` (`id`,`reports_id`,`type`,`ord`,`field`,`value`,`x`,`y`,`w`,`h`,`lines`,`face`,`fontname`,`fontstyle`,`fontsize`,`align`,`valign`,`on_overflow`) VALUES ('116','16','group','0','category','','0','0','0','0','0','','','','0','','top','truncate');
INSERT INTO `reports_items` (`id`,`reports_id`,`type`,`ord`,`field`,`value`,`x`,`y`,`w`,`h`,`lines`,`face`,`fontname`,`fontstyle`,`fontsize`,`align`,`valign`,`on_overflow`) VALUES ('117','16','sort','0','pn','','0','0','0','0','0','','','','0','','top','truncate');
INSERT INTO `reports_items` (`id`,`reports_id`,`type`,`ord`,`field`,`value`,`x`,`y`,`w`,`h`,`lines`,`face`,`fontname`,`fontstyle`,`fontsize`,`align`,`valign`,`on_overflow`) VALUES ('118','16','distinct','0','pn','','0','0','0','0','0','','','','0','','top','truncate');
INSERT INTO `reports_items` (`id`,`reports_id`,`type`,`ord`,`field`,`value`,`x`,`y`,`w`,`h`,`lines`,`face`,`fontname`,`fontstyle`,`fontsize`,`align`,`valign`,`on_overflow`) VALUES ('119','16','option','1','group_new_page','no','0','0','0','0','0','','','','0','','top','truncate');
INSERT INTO `reports_items` (`id`,`reports_id`,`type`,`ord`,`field`,`value`,`x`,`y`,`w`,`h`,`lines`,`face`,`fontname`,`fontstyle`,`fontsize`,`align`,`valign`,`on_overflow`) VALUES ('120','16','col','0','pn','','0','0','0','0','0','','','','0','','top','truncate');
INSERT INTO `reports_items` (`id`,`reports_id`,`type`,`ord`,`field`,`value`,`x`,`y`,`w`,`h`,`lines`,`face`,`fontname`,`fontstyle`,`fontsize`,`align`,`valign`,`on_overflow`) VALUES ('121','16','option','0','type','pdf','0','0','0','0','0','','','','0','','top','truncate');
INSERT INTO `reports_items` (`id`,`reports_id`,`type`,`ord`,`field`,`value`,`x`,`y`,`w`,`h`,`lines`,`face`,`fontname`,`fontstyle`,`fontsize`,`align`,`valign`,`on_overflow`) VALUES ('122','17','col','4','emerg_phone','','0','0','0','0','0','','','','0','','top','truncate');
INSERT INTO `reports_items` (`id`,`reports_id`,`type`,`ord`,`field`,`value`,`x`,`y`,`w`,`h`,`lines`,`face`,`fontname`,`fontstyle`,`fontsize`,`align`,`valign`,`on_overflow`) VALUES ('123','17','col','3','emerg_relation','','0','0','0','0','0','','','','0','','top','truncate');
INSERT INTO `reports_items` (`id`,`reports_id`,`type`,`ord`,`field`,`value`,`x`,`y`,`w`,`h`,`lines`,`face`,`fontname`,`fontstyle`,`fontsize`,`align`,`valign`,`on_overflow`) VALUES ('124','17','col','2','emerg_name','','0','0','0','0','0','','','','0','','top','truncate');
INSERT INTO `reports_items` (`id`,`reports_id`,`type`,`ord`,`field`,`value`,`x`,`y`,`w`,`h`,`lines`,`face`,`fontname`,`fontstyle`,`fontsize`,`align`,`valign`,`on_overflow`) VALUES ('125','17','sort','0','last_name','','0','0','0','0','0','','','','0','','top','truncate');
INSERT INTO `reports_items` (`id`,`reports_id`,`type`,`ord`,`field`,`value`,`x`,`y`,`w`,`h`,`lines`,`face`,`fontname`,`fontstyle`,`fontsize`,`align`,`valign`,`on_overflow`) VALUES ('126','7','option','2','allow_multiline','no','0','0','0','0','0','','','','0','center','top','truncate');
INSERT INTO `reports_items` (`id`,`reports_id`,`type`,`ord`,`field`,`value`,`x`,`y`,`w`,`h`,`lines`,`face`,`fontname`,`fontstyle`,`fontsize`,`align`,`valign`,`on_overflow`) VALUES ('127','14','col','2','grade','','0','0','0','0','0','','','','0','center','top','truncate');
INSERT INTO `reports_items` (`id`,`reports_id`,`type`,`ord`,`field`,`value`,`x`,`y`,`w`,`h`,`lines`,`face`,`fontname`,`fontstyle`,`fontsize`,`align`,`valign`,`on_overflow`) VALUES ('128','17','option','1','group_new_page','no','0','0','0','0','0','','','','0','','top','truncate');
INSERT INTO `reports_items` (`id`,`reports_id`,`type`,`ord`,`field`,`value`,`x`,`y`,`w`,`h`,`lines`,`face`,`fontname`,`fontstyle`,`fontsize`,`align`,`valign`,`on_overflow`) VALUES ('129','6','option','0','type','pdf','0','0','0','0','0','','','','0','center','top','truncate');
INSERT INTO `reports_items` (`id`,`reports_id`,`type`,`ord`,`field`,`value`,`x`,`y`,`w`,`h`,`lines`,`face`,`fontname`,`fontstyle`,`fontsize`,`align`,`valign`,`on_overflow`) VALUES ('130','6','col','3','school_fax','','0','0','0','0','0','','','','0','center','top','truncate');
INSERT INTO `reports_items` (`id`,`reports_id`,`type`,`ord`,`field`,`value`,`x`,`y`,`w`,`h`,`lines`,`face`,`fontname`,`fontstyle`,`fontsize`,`align`,`valign`,`on_overflow`) VALUES ('131','17','option','0','type','pdf','0','0','0','0','0','','','','0','','top','truncate');
INSERT INTO `reports_items` (`id`,`reports_id`,`type`,`ord`,`field`,`value`,`x`,`y`,`w`,`h`,`lines`,`face`,`fontname`,`fontstyle`,`fontsize`,`align`,`valign`,`on_overflow`) VALUES ('132','17','col','1','name','','0','0','0','0','0','','','','0','','top','truncate');
INSERT INTO `reports_items` (`id`,`reports_id`,`type`,`ord`,`field`,`value`,`x`,`y`,`w`,`h`,`lines`,`face`,`fontname`,`fontstyle`,`fontsize`,`align`,`valign`,`on_overflow`) VALUES ('133','6','option','1','group_new_page','no','0','0','0','0','0','','','','0','center','top','truncate');
INSERT INTO `reports_items` (`id`,`reports_id`,`type`,`ord`,`field`,`value`,`x`,`y`,`w`,`h`,`lines`,`face`,`fontname`,`fontstyle`,`fontsize`,`align`,`valign`,`on_overflow`) VALUES ('134','6','option','2','allow_multiline','no','0','0','0','0','0','','','','0','center','top','truncate');
INSERT INTO `reports_items` (`id`,`reports_id`,`type`,`ord`,`field`,`value`,`x`,`y`,`w`,`h`,`lines`,`face`,`fontname`,`fontstyle`,`fontsize`,`align`,`valign`,`on_overflow`) VALUES ('135','9','col','0','paid','','0','0','0','0','0','','','','0','center','top','truncate');
INSERT INTO `reports_items` (`id`,`reports_id`,`type`,`ord`,`field`,`value`,`x`,`y`,`w`,`h`,`lines`,`face`,`fontname`,`fontstyle`,`fontsize`,`align`,`valign`,`on_overflow`) VALUES ('136','1','col','1','name','','0','0','0','0','0','','','','0','center','top','truncate');
INSERT INTO `reports_items` (`id`,`reports_id`,`type`,`ord`,`field`,`value`,`x`,`y`,`w`,`h`,`lines`,`face`,`fontname`,`fontstyle`,`fontsize`,`align`,`valign`,`on_overflow`) VALUES ('137','2','option','2','allow_multiline','no','0','0','0','0','0','','','','0','center','top','truncate');
INSERT INTO `reports_items` (`id`,`reports_id`,`type`,`ord`,`field`,`value`,`x`,`y`,`w`,`h`,`lines`,`face`,`fontname`,`fontstyle`,`fontsize`,`align`,`valign`,`on_overflow`) VALUES ('138','3','option','0','type','pdf','0','0','0','0','0','','','','0','center','top','truncate');
INSERT INTO `reports_items` (`id`,`reports_id`,`type`,`ord`,`field`,`value`,`x`,`y`,`w`,`h`,`lines`,`face`,`fontname`,`fontstyle`,`fontsize`,`align`,`valign`,`on_overflow`) VALUES ('139','3','col','0','pn','','0','0','0','0','0','','','','0','center','top','truncate');
INSERT INTO `reports_items` (`id`,`reports_id`,`type`,`ord`,`field`,`value`,`x`,`y`,`w`,`h`,`lines`,`face`,`fontname`,`fontstyle`,`fontsize`,`align`,`valign`,`on_overflow`) VALUES ('140','4','option','1','group_new_page','no','0','0','0','0','0','','','','0','center','top','truncate');
INSERT INTO `reports_items` (`id`,`reports_id`,`type`,`ord`,`field`,`value`,`x`,`y`,`w`,`h`,`lines`,`face`,`fontname`,`fontstyle`,`fontsize`,`align`,`valign`,`on_overflow`) VALUES ('141','4','option','0','type','pdf','0','0','0','0','0','','','','0','center','top','truncate');
INSERT INTO `reports_items` (`id`,`reports_id`,`type`,`ord`,`field`,`value`,`x`,`y`,`w`,`h`,`lines`,`face`,`fontname`,`fontstyle`,`fontsize`,`align`,`valign`,`on_overflow`) VALUES ('142','10','col','3','title','','0','0','0','0','0','','','','0','center','top','truncate');
INSERT INTO `reports_items` (`id`,`reports_id`,`type`,`ord`,`field`,`value`,`x`,`y`,`w`,`h`,`lines`,`face`,`fontname`,`fontstyle`,`fontsize`,`align`,`valign`,`on_overflow`) VALUES ('143','10','option','0','type','pdf','0','0','0','0','0','','','','0','center','top','truncate');
INSERT INTO `reports_items` (`id`,`reports_id`,`type`,`ord`,`field`,`value`,`x`,`y`,`w`,`h`,`lines`,`face`,`fontname`,`fontstyle`,`fontsize`,`align`,`valign`,`on_overflow`) VALUES ('144','10','option','1','group_new_page','no','0','0','0','0','0','','','','0','center','top','truncate');
INSERT INTO `reports_items` (`id`,`reports_id`,`type`,`ord`,`field`,`value`,`x`,`y`,`w`,`h`,`lines`,`face`,`fontname`,`fontstyle`,`fontsize`,`align`,`valign`,`on_overflow`) VALUES ('145','10','option','2','allow_multiline','no','0','0','0','0','0','','','','0','center','top','truncate');
INSERT INTO `reports_items` (`id`,`reports_id`,`type`,`ord`,`field`,`value`,`x`,`y`,`w`,`h`,`lines`,`face`,`fontname`,`fontstyle`,`fontsize`,`align`,`valign`,`on_overflow`) VALUES ('146','5','col','2','title','','0','0','0','0','0','','','','0','center','top','truncate');
INSERT INTO `reports_items` (`id`,`reports_id`,`type`,`ord`,`field`,`value`,`x`,`y`,`w`,`h`,`lines`,`face`,`fontname`,`fontstyle`,`fontsize`,`align`,`valign`,`on_overflow`) VALUES ('147','5','col','1','name','','0','0','0','0','0','','','','0','center','top','truncate');
INSERT INTO `reports_items` (`id`,`reports_id`,`type`,`ord`,`field`,`value`,`x`,`y`,`w`,`h`,`lines`,`face`,`fontname`,`fontstyle`,`fontsize`,`align`,`valign`,`on_overflow`) VALUES ('148','5','option','0','type','pdf','0','0','0','0','0','','','','0','center','top','truncate');
INSERT INTO `reports_items` (`id`,`reports_id`,`type`,`ord`,`field`,`value`,`x`,`y`,`w`,`h`,`lines`,`face`,`fontname`,`fontstyle`,`fontsize`,`align`,`valign`,`on_overflow`) VALUES ('149','5','col','0','pn','','0','0','0','0','0','','','','0','center','top','truncate');
INSERT INTO `reports_items` (`id`,`reports_id`,`type`,`ord`,`field`,`value`,`x`,`y`,`w`,`h`,`lines`,`face`,`fontname`,`fontstyle`,`fontsize`,`align`,`valign`,`on_overflow`) VALUES ('150','11','col','2','title','','0','0','0','0','0','','','','0','center','top','truncate');
INSERT INTO `reports_items` (`id`,`reports_id`,`type`,`ord`,`field`,`value`,`x`,`y`,`w`,`h`,`lines`,`face`,`fontname`,`fontstyle`,`fontsize`,`align`,`valign`,`on_overflow`) VALUES ('151','11','col','1','name','','0','0','0','0','0','','','','0','center','top','truncate');
INSERT INTO `reports_items` (`id`,`reports_id`,`type`,`ord`,`field`,`value`,`x`,`y`,`w`,`h`,`lines`,`face`,`fontname`,`fontstyle`,`fontsize`,`align`,`valign`,`on_overflow`) VALUES ('152','11','col','0','pn','','0','0','0','0','0','','','','0','center','top','truncate');
INSERT INTO `reports_items` (`id`,`reports_id`,`type`,`ord`,`field`,`value`,`x`,`y`,`w`,`h`,`lines`,`face`,`fontname`,`fontstyle`,`fontsize`,`align`,`valign`,`on_overflow`) VALUES ('153','18','col','0','pn','','0','0','0','0','0','','','','0','center','top','truncate');
INSERT INTO `reports_items` (`id`,`reports_id`,`type`,`ord`,`field`,`value`,`x`,`y`,`w`,`h`,`lines`,`face`,`fontname`,`fontstyle`,`fontsize`,`align`,`valign`,`on_overflow`) VALUES ('154','18','col','1','name','','0','0','0','0','0','','','','0','center','top','truncate');
INSERT INTO `reports_items` (`id`,`reports_id`,`type`,`ord`,`field`,`value`,`x`,`y`,`w`,`h`,`lines`,`face`,`fontname`,`fontstyle`,`fontsize`,`align`,`valign`,`on_overflow`) VALUES ('155','18','col','2','school','','0','0','0','0','0','','','','0','center','top','truncate');
INSERT INTO `reports_items` (`id`,`reports_id`,`type`,`ord`,`field`,`value`,`x`,`y`,`w`,`h`,`lines`,`face`,`fontname`,`fontstyle`,`fontsize`,`align`,`valign`,`on_overflow`) VALUES ('156','18','group','0','grade_str','','0','0','0','0','0','','','','0','center','top','truncate');
INSERT INTO `reports_items` (`id`,`reports_id`,`type`,`ord`,`field`,`value`,`x`,`y`,`w`,`h`,`lines`,`face`,`fontname`,`fontstyle`,`fontsize`,`align`,`valign`,`on_overflow`) VALUES ('157','18','group','1','gender','','0','0','0','0','0','','','','0','center','top','truncate');
INSERT INTO `reports_items` (`id`,`reports_id`,`type`,`ord`,`field`,`value`,`x`,`y`,`w`,`h`,`lines`,`face`,`fontname`,`fontstyle`,`fontsize`,`align`,`valign`,`on_overflow`) VALUES ('158','18','sort','0','pn','','0','0','0','0','0','','','','0','center','top','truncate');
INSERT INTO `reports_items` (`id`,`reports_id`,`type`,`ord`,`field`,`value`,`x`,`y`,`w`,`h`,`lines`,`face`,`fontname`,`fontstyle`,`fontsize`,`align`,`valign`,`on_overflow`) VALUES ('159','18','option','0','type','pdf','0','0','0','0','0','','','','0','center','top','truncate');
INSERT INTO `reports_items` (`id`,`reports_id`,`type`,`ord`,`field`,`value`,`x`,`y`,`w`,`h`,`lines`,`face`,`fontname`,`fontstyle`,`fontsize`,`align`,`valign`,`on_overflow`) VALUES ('160','18','option','1','group_new_page','no','0','0','0','0','0','','','','0','center','top','truncate');
INSERT INTO `reports_items` (`id`,`reports_id`,`type`,`ord`,`field`,`value`,`x`,`y`,`w`,`h`,`lines`,`face`,`fontname`,`fontstyle`,`fontsize`,`align`,`valign`,`on_overflow`) VALUES ('161','18','option','2','allow_multiline','no','0','0','0','0','0','','','','0','center','top','truncate');
INSERT INTO `reports_items` (`id`,`reports_id`,`type`,`ord`,`field`,`value`,`x`,`y`,`w`,`h`,`lines`,`face`,`fontname`,`fontstyle`,`fontsize`,`align`,`valign`,`on_overflow`) VALUES ('162','3','col','4','grade','','0','0','0','0','0','','','','0','center','top','truncate');
INSERT INTO `reports_items` (`id`,`reports_id`,`type`,`ord`,`field`,`value`,`x`,`y`,`w`,`h`,`lines`,`face`,`fontname`,`fontstyle`,`fontsize`,`align`,`valign`,`on_overflow`) VALUES ('163','1','col','0','pn','','0','0','0','0','0','','','','0','center','top','truncate');
INSERT INTO `reports_items` (`id`,`reports_id`,`type`,`ord`,`field`,`value`,`x`,`y`,`w`,`h`,`lines`,`face`,`fontname`,`fontstyle`,`fontsize`,`align`,`valign`,`on_overflow`) VALUES ('164','2','col','4','div','','0','0','0','0','0','','','','0','center','top','truncate');
INSERT INTO `reports_items` (`id`,`reports_id`,`type`,`ord`,`field`,`value`,`x`,`y`,`w`,`h`,`lines`,`face`,`fontname`,`fontstyle`,`fontsize`,`align`,`valign`,`on_overflow`) VALUES ('165','2','col','5','grade','','0','0','0','0','0','','','','0','center','top','truncate');
INSERT INTO `reports_items` (`id`,`reports_id`,`type`,`ord`,`field`,`value`,`x`,`y`,`w`,`h`,`lines`,`face`,`fontname`,`fontstyle`,`fontsize`,`align`,`valign`,`on_overflow`) VALUES ('166','19','col','0','pn','','0','0','0','0','0','','','','0','center','top','truncate');
INSERT INTO `reports_items` (`id`,`reports_id`,`type`,`ord`,`field`,`value`,`x`,`y`,`w`,`h`,`lines`,`face`,`fontname`,`fontstyle`,`fontsize`,`align`,`valign`,`on_overflow`) VALUES ('167','19','col','1','title','','0','0','0','0','0','','','','0','center','top','truncate');
INSERT INTO `reports_items` (`id`,`reports_id`,`type`,`ord`,`field`,`value`,`x`,`y`,`w`,`h`,`lines`,`face`,`fontname`,`fontstyle`,`fontsize`,`align`,`valign`,`on_overflow`) VALUES ('168','19','col','2','bothnames','','0','0','0','0','0','','','','0','center','top','truncate');
INSERT INTO `reports_items` (`id`,`reports_id`,`type`,`ord`,`field`,`value`,`x`,`y`,`w`,`h`,`lines`,`face`,`fontname`,`fontstyle`,`fontsize`,`align`,`valign`,`on_overflow`) VALUES ('169','19','group','0','school','','0','0','0','0','0','','','','0','center','top','truncate');
INSERT INTO `reports_items` (`id`,`reports_id`,`type`,`ord`,`field`,`value`,`x`,`y`,`w`,`h`,`lines`,`face`,`fontname`,`fontstyle`,`fontsize`,`align`,`valign`,`on_overflow`) VALUES ('170','19','sort','0','pn','','0','0','0','0','0','','','','0','center','top','truncate');
INSERT INTO `reports_items` (`id`,`reports_id`,`type`,`ord`,`field`,`value`,`x`,`y`,`w`,`h`,`lines`,`face`,`fontname`,`fontstyle`,`fontsize`,`align`,`valign`,`on_overflow`) VALUES ('171','19','option','0','type','pdf','0','0','0','0','0','','','','0','center','top','truncate');
INSERT INTO `reports_items` (`id`,`reports_id`,`type`,`ord`,`field`,`value`,`x`,`y`,`w`,`h`,`lines`,`face`,`fontname`,`fontstyle`,`fontsize`,`align`,`valign`,`on_overflow`) VALUES ('172','19','option','1','group_new_page','yes','0','0','0','0','0','','','','0','center','top','truncate');
INSERT INTO `reports_items` (`id`,`reports_id`,`type`,`ord`,`field`,`value`,`x`,`y`,`w`,`h`,`lines`,`face`,`fontname`,`fontstyle`,`fontsize`,`align`,`valign`,`on_overflow`) VALUES ('173','19','option','2','allow_multiline','no','0','0','0','0','0','','','','0','center','top','truncate');
INSERT INTO `reports_items` (`id`,`reports_id`,`type`,`ord`,`field`,`value`,`x`,`y`,`w`,`h`,`lines`,`face`,`fontname`,`fontstyle`,`fontsize`,`align`,`valign`,`on_overflow`) VALUES ('174','21','sort','1','namefl','','0','0','0','0','0','','','','0','center','top','truncate');
INSERT INTO `reports_items` (`id`,`reports_id`,`type`,`ord`,`field`,`value`,`x`,`y`,`w`,`h`,`lines`,`face`,`fontname`,`fontstyle`,`fontsize`,`align`,`valign`,`on_overflow`) VALUES ('175','21','col','1','team','','0','0','0','0','0','','','','0','center','top','truncate');
INSERT INTO `reports_items` (`id`,`reports_id`,`type`,`ord`,`field`,`value`,`x`,`y`,`w`,`h`,`lines`,`face`,`fontname`,`fontstyle`,`fontsize`,`align`,`valign`,`on_overflow`) VALUES ('176','21','col','2','captain','','0','0','0','0','0','','','','0','center','top','truncate');
INSERT INTO `reports_items` (`id`,`reports_id`,`type`,`ord`,`field`,`value`,`x`,`y`,`w`,`h`,`lines`,`face`,`fontname`,`fontstyle`,`fontsize`,`align`,`valign`,`on_overflow`) VALUES ('177','21','col','3','namefl','','0','0','0','0','0','','','','0','center','top','truncate');
INSERT INTO `reports_items` (`id`,`reports_id`,`type`,`ord`,`field`,`value`,`x`,`y`,`w`,`h`,`lines`,`face`,`fontname`,`fontstyle`,`fontsize`,`align`,`valign`,`on_overflow`) VALUES ('178','21','option','0','type','pdf','0','0','0','0','0','','','','0','center','top','truncate');
INSERT INTO `reports_items` (`id`,`reports_id`,`type`,`ord`,`field`,`value`,`x`,`y`,`w`,`h`,`lines`,`face`,`fontname`,`fontstyle`,`fontsize`,`align`,`valign`,`on_overflow`) VALUES ('179','20','option','2','allow_multiline','no','0','0','0','0','0','','','','0','center','top','truncate');
INSERT INTO `reports_items` (`id`,`reports_id`,`type`,`ord`,`field`,`value`,`x`,`y`,`w`,`h`,`lines`,`face`,`fontname`,`fontstyle`,`fontsize`,`align`,`valign`,`on_overflow`) VALUES ('180','20','col','4','complete','','0','0','0','0','0','','','','0','center','top','truncate');
INSERT INTO `reports_items` (`id`,`reports_id`,`type`,`ord`,`field`,`value`,`x`,`y`,`w`,`h`,`lines`,`face`,`fontname`,`fontstyle`,`fontsize`,`align`,`valign`,`on_overflow`) VALUES ('181','20','col','0','name','','0','0','0','0','0','','','','0','center','top','truncate');
INSERT INTO `reports_items` (`id`,`reports_id`,`type`,`ord`,`field`,`value`,`x`,`y`,`w`,`h`,`lines`,`face`,`fontname`,`fontstyle`,`fontsize`,`align`,`valign`,`on_overflow`) VALUES ('182','20','option','1','group_new_page','no','0','0','0','0','0','','','','0','center','top','truncate');
INSERT INTO `reports_items` (`id`,`reports_id`,`type`,`ord`,`field`,`value`,`x`,`y`,`w`,`h`,`lines`,`face`,`fontname`,`fontstyle`,`fontsize`,`align`,`valign`,`on_overflow`) VALUES ('183','20','sort','0','name','','0','0','0','0','0','','','','0','center','top','truncate');
INSERT INTO `reports_items` (`id`,`reports_id`,`type`,`ord`,`field`,`value`,`x`,`y`,`w`,`h`,`lines`,`face`,`fontname`,`fontstyle`,`fontsize`,`align`,`valign`,`on_overflow`) VALUES ('184','20','col','1','email','','0','0','0','0','0','','','','0','center','top','truncate');
INSERT INTO `reports_items` (`id`,`reports_id`,`type`,`ord`,`field`,`value`,`x`,`y`,`w`,`h`,`lines`,`face`,`fontname`,`fontstyle`,`fontsize`,`align`,`valign`,`on_overflow`) VALUES ('185','20','col','2','phone_home','','0','0','0','0','0','','','','0','center','top','truncate');
INSERT INTO `reports_items` (`id`,`reports_id`,`type`,`ord`,`field`,`value`,`x`,`y`,`w`,`h`,`lines`,`face`,`fontname`,`fontstyle`,`fontsize`,`align`,`valign`,`on_overflow`) VALUES ('186','20','col','3','phone_work','','0','0','0','0','0','','','','0','center','top','truncate');
INSERT INTO `reports_items` (`id`,`reports_id`,`type`,`ord`,`field`,`value`,`x`,`y`,`w`,`h`,`lines`,`face`,`fontname`,`fontstyle`,`fontsize`,`align`,`valign`,`on_overflow`) VALUES ('187','20','option','0','type','pdf','0','0','0','0','0','','','','0','center','top','truncate');
INSERT INTO `reports_items` (`id`,`reports_id`,`type`,`ord`,`field`,`value`,`x`,`y`,`w`,`h`,`lines`,`face`,`fontname`,`fontstyle`,`fontsize`,`align`,`valign`,`on_overflow`) VALUES ('188','21','sort','0','teamnum','','0','0','0','0','0','','','','0','center','top','truncate');
INSERT INTO `reports_items` (`id`,`reports_id`,`type`,`ord`,`field`,`value`,`x`,`y`,`w`,`h`,`lines`,`face`,`fontname`,`fontstyle`,`fontsize`,`align`,`valign`,`on_overflow`) VALUES ('189','21','option','1','group_new_page','no','0','0','0','0','0','','','','0','center','top','truncate');
INSERT INTO `reports_items` (`id`,`reports_id`,`type`,`ord`,`field`,`value`,`x`,`y`,`w`,`h`,`lines`,`face`,`fontname`,`fontstyle`,`fontsize`,`align`,`valign`,`on_overflow`) VALUES ('190','21','col','0','teamnum','','0','0','0','0','0','','','','0','center','top','truncate');
INSERT INTO `reports_items` (`id`,`reports_id`,`type`,`ord`,`field`,`value`,`x`,`y`,`w`,`h`,`lines`,`face`,`fontname`,`fontstyle`,`fontsize`,`align`,`valign`,`on_overflow`) VALUES ('191','21','option','2','allow_multiline','no','0','0','0','0','0','','','','0','center','top','truncate');
INSERT INTO `reports_items` (`id`,`reports_id`,`type`,`ord`,`field`,`value`,`x`,`y`,`w`,`h`,`lines`,`face`,`fontname`,`fontstyle`,`fontsize`,`align`,`valign`,`on_overflow`) VALUES ('192','22','col','1','type','','0','0','0','0','0','','','','0','center','top','truncate');
INSERT INTO `reports_items` (`id`,`reports_id`,`type`,`ord`,`field`,`value`,`x`,`y`,`w`,`h`,`lines`,`face`,`fontname`,`fontstyle`,`fontsize`,`align`,`valign`,`on_overflow`) VALUES ('193','22','option','2','allow_multiline','yes','0','0','0','0','0','','','','0','center','top','truncate');
INSERT INTO `reports_items` (`id`,`reports_id`,`type`,`ord`,`field`,`value`,`x`,`y`,`w`,`h`,`lines`,`face`,`fontname`,`fontstyle`,`fontsize`,`align`,`valign`,`on_overflow`) VALUES ('194','22','option','1','group_new_page','no','0','0','0','0','0','','','','0','center','top','truncate');
INSERT INTO `reports_items` (`id`,`reports_id`,`type`,`ord`,`field`,`value`,`x`,`y`,`w`,`h`,`lines`,`face`,`fontname`,`fontstyle`,`fontsize`,`align`,`valign`,`on_overflow`) VALUES ('195','22','option','0','type','pdf','0','0','0','0','0','','','','0','center','top','truncate');
INSERT INTO `reports_items` (`id`,`reports_id`,`type`,`ord`,`field`,`value`,`x`,`y`,`w`,`h`,`lines`,`face`,`fontname`,`fontstyle`,`fontsize`,`align`,`valign`,`on_overflow`) VALUES ('196','22','group','0','judgeteamnum','','0','0','0','0','0','','','','0','center','top','truncate');
INSERT INTO `reports_items` (`id`,`reports_id`,`type`,`ord`,`field`,`value`,`x`,`y`,`w`,`h`,`lines`,`face`,`fontname`,`fontstyle`,`fontsize`,`align`,`valign`,`on_overflow`) VALUES ('197','22','col','0','name','','0','0','0','0','0','','','','0','center','top','truncate');
INSERT INTO `reports_items` (`id`,`reports_id`,`type`,`ord`,`field`,`value`,`x`,`y`,`w`,`h`,`lines`,`face`,`fontname`,`fontstyle`,`fontsize`,`align`,`valign`,`on_overflow`) VALUES ('198','22','group','1','judgeteamname','','0','0','0','0','0','','','','0','center','top','truncate');
INSERT INTO `reports_items` (`id`,`reports_id`,`type`,`ord`,`field`,`value`,`x`,`y`,`w`,`h`,`lines`,`face`,`fontname`,`fontstyle`,`fontsize`,`align`,`valign`,`on_overflow`) VALUES ('199','23','option','1','group_new_page','no','0','0','0','0','0','','','','0','center','top','truncate');
INSERT INTO `reports_items` (`id`,`reports_id`,`type`,`ord`,`field`,`value`,`x`,`y`,`w`,`h`,`lines`,`face`,`fontname`,`fontstyle`,`fontsize`,`align`,`valign`,`on_overflow`) VALUES ('200','23','col','1','judgeteamname','','0','0','0','0','0','','','','0','center','top','truncate');
INSERT INTO `reports_items` (`id`,`reports_id`,`type`,`ord`,`field`,`value`,`x`,`y`,`w`,`h`,`lines`,`face`,`fontname`,`fontstyle`,`fontsize`,`align`,`valign`,`on_overflow`) VALUES ('201','23','group','0','type','','0','0','0','0','0','','','','0','center','top','truncate');
INSERT INTO `reports_items` (`id`,`reports_id`,`type`,`ord`,`field`,`value`,`x`,`y`,`w`,`h`,`lines`,`face`,`fontname`,`fontstyle`,`fontsize`,`align`,`valign`,`on_overflow`) VALUES ('202','23','sort','0','judgeteamnum','','0','0','0','0','0','','','','0','center','top','truncate');
INSERT INTO `reports_items` (`id`,`reports_id`,`type`,`ord`,`field`,`value`,`x`,`y`,`w`,`h`,`lines`,`face`,`fontname`,`fontstyle`,`fontsize`,`align`,`valign`,`on_overflow`) VALUES ('203','23','option','2','allow_multiline','yes','0','0','0','0','0','','','','0','center','top','truncate');
INSERT INTO `reports_items` (`id`,`reports_id`,`type`,`ord`,`field`,`value`,`x`,`y`,`w`,`h`,`lines`,`face`,`fontname`,`fontstyle`,`fontsize`,`align`,`valign`,`on_overflow`) VALUES ('204','23','group','1','name','','0','0','0','0','0','','','','0','center','top','truncate');
INSERT INTO `reports_items` (`id`,`reports_id`,`type`,`ord`,`field`,`value`,`x`,`y`,`w`,`h`,`lines`,`face`,`fontname`,`fontstyle`,`fontsize`,`align`,`valign`,`on_overflow`) VALUES ('205','23','col','0','judgeteamnum','','0','0','0','0','0','','','','0','center','top','truncate');
INSERT INTO `reports_items` (`id`,`reports_id`,`type`,`ord`,`field`,`value`,`x`,`y`,`w`,`h`,`lines`,`face`,`fontname`,`fontstyle`,`fontsize`,`align`,`valign`,`on_overflow`) VALUES ('206','23','option','0','type','pdf','0','0','0','0','0','','','','0','center','top','truncate');
INSERT INTO `reports_items` (`id`,`reports_id`,`type`,`ord`,`field`,`value`,`x`,`y`,`w`,`h`,`lines`,`face`,`fontname`,`fontstyle`,`fontsize`,`align`,`valign`,`on_overflow`) VALUES ('207','16','col','4','req_special','','0','0','0','0','0','','','','0','','top','truncate');
INSERT INTO `reports_items` (`id`,`reports_id`,`type`,`ord`,`field`,`value`,`x`,`y`,`w`,`h`,`lines`,`face`,`fontname`,`fontstyle`,`fontsize`,`align`,`valign`,`on_overflow`) VALUES ('208','16','option','2','allow_multiline','yes','0','0','0','0','0','','','','0','','top','truncate');
INSERT INTO `reports_items` (`id`,`reports_id`,`type`,`ord`,`field`,`value`,`x`,`y`,`w`,`h`,`lines`,`face`,`fontname`,`fontstyle`,`fontsize`,`align`,`valign`,`on_overflow`) VALUES ('209','16','option','3','label_box','no','0','0','0','0','0','','','','0','','top','truncate');
INSERT INTO `reports_items` (`id`,`reports_id`,`type`,`ord`,`field`,`value`,`x`,`y`,`w`,`h`,`lines`,`face`,`fontname`,`fontstyle`,`fontsize`,`align`,`valign`,`on_overflow`) VALUES ('210','16','option','4','label_fairname','no','0','0','0','0','0','','','','0','','top','truncate');
INSERT INTO `reports_items` (`id`,`reports_id`,`type`,`ord`,`field`,`value`,`x`,`y`,`w`,`h`,`lines`,`face`,`fontname`,`fontstyle`,`fontsize`,`align`,`valign`,`on_overflow`) VALUES ('211','16','option','5','label_logo','no','0','0','0','0','0','','','','0','','top','truncate');
INSERT INTO `reports_items` (`id`,`reports_id`,`type`,`ord`,`field`,`value`,`x`,`y`,`w`,`h`,`lines`,`face`,`fontname`,`fontstyle`,`fontsize`,`align`,`valign`,`on_overflow`) VALUES ('212','16','option','6','stock','fullpage','0','0','0','0','0','','','','0','','top','truncate');
INSERT INTO `reports_items` (`id`,`reports_id`,`type`,`ord`,`field`,`value`,`x`,`y`,`w`,`h`,`lines`,`face`,`fontname`,`fontstyle`,`fontsize`,`align`,`valign`,`on_overflow`) VALUES ('213','17','col','0','pn','','0','0','0','0','0','','','','0','','top','truncate');
INSERT INTO `reports_items` (`id`,`reports_id`,`type`,`ord`,`field`,`value`,`x`,`y`,`w`,`h`,`lines`,`face`,`fontname`,`fontstyle`,`fontsize`,`align`,`valign`,`on_overflow`) VALUES ('214','25','option','6','stock','5164','0','0','0','0','0','','','','0','','top','truncate');
INSERT INTO `reports_items` (`id`,`reports_id`,`type`,`ord`,`field`,`value`,`x`,`y`,`w`,`h`,`lines`,`face`,`fontname`,`fontstyle`,`fontsize`,`align`,`valign`,`on_overflow`) VALUES ('215','25','option','5','label_logo','yes','0','0','0','0','0','','','','0','','top','truncate');
INSERT INTO `reports_items` (`id`,`reports_id`,`type`,`ord`,`field`,`value`,`x`,`y`,`w`,`h`,`lines`,`face`,`fontname`,`fontstyle`,`fontsize`,`align`,`valign`,`on_overflow`) VALUES ('216','24','col','2','school_city_prov','','5','50','95','8','1','','','','0','left','top','truncate');
INSERT INTO `reports_items` (`id`,`reports_id`,`type`,`ord`,`field`,`value`,`x`,`y`,`w`,`h`,`lines`,`face`,`fontname`,`fontstyle`,`fontsize`,`align`,`valign`,`on_overflow`) VALUES ('217','24','col','1','school_address','','5','40','95','16','2','','','','0','left','top','truncate');
INSERT INTO `reports_items` (`id`,`reports_id`,`type`,`ord`,`field`,`value`,`x`,`y`,`w`,`h`,`lines`,`face`,`fontname`,`fontstyle`,`fontsize`,`align`,`valign`,`on_overflow`) VALUES ('218','24','col','0','school','','5','5','95','16','2','','','','0','left','top','truncate');
INSERT INTO `reports_items` (`id`,`reports_id`,`type`,`ord`,`field`,`value`,`x`,`y`,`w`,`h`,`lines`,`face`,`fontname`,`fontstyle`,`fontsize`,`align`,`valign`,`on_overflow`) VALUES ('219','24','option','6','stock','5164','0','0','0','0','0','','','','0','','top','truncate');
INSERT INTO `reports_items` (`id`,`reports_id`,`type`,`ord`,`field`,`value`,`x`,`y`,`w`,`h`,`lines`,`face`,`fontname`,`fontstyle`,`fontsize`,`align`,`valign`,`on_overflow`) VALUES ('220','24','option','5','label_logo','no','0','0','0','0','0','','','','0','','top','truncate');
INSERT INTO `reports_items` (`id`,`reports_id`,`type`,`ord`,`field`,`value`,`x`,`y`,`w`,`h`,`lines`,`face`,`fontname`,`fontstyle`,`fontsize`,`align`,`valign`,`on_overflow`) VALUES ('221','24','option','4','label_fairname','no','0','0','0','0','0','','','','0','','top','truncate');
INSERT INTO `reports_items` (`id`,`reports_id`,`type`,`ord`,`field`,`value`,`x`,`y`,`w`,`h`,`lines`,`face`,`fontname`,`fontstyle`,`fontsize`,`align`,`valign`,`on_overflow`) VALUES ('222','24','option','3','label_box','yes','0','0','0','0','0','','','','0','','top','truncate');
INSERT INTO `reports_items` (`id`,`reports_id`,`type`,`ord`,`field`,`value`,`x`,`y`,`w`,`h`,`lines`,`face`,`fontname`,`fontstyle`,`fontsize`,`align`,`valign`,`on_overflow`) VALUES ('223','24','option','2','allow_multiline','no','0','0','0','0','0','','','','0','','top','truncate');
INSERT INTO `reports_items` (`id`,`reports_id`,`type`,`ord`,`field`,`value`,`x`,`y`,`w`,`h`,`lines`,`face`,`fontname`,`fontstyle`,`fontsize`,`align`,`valign`,`on_overflow`) VALUES ('224','24','sort','0','school','','0','0','0','0','0','','','','0','','top','truncate');
INSERT INTO `reports_items` (`id`,`reports_id`,`type`,`ord`,`field`,`value`,`x`,`y`,`w`,`h`,`lines`,`face`,`fontname`,`fontstyle`,`fontsize`,`align`,`valign`,`on_overflow`) VALUES ('225','25','col','4','school','','1','90','98','5','1','','','','0','center','top','truncate');
INSERT INTO `reports_items` (`id`,`reports_id`,`type`,`ord`,`field`,`value`,`x`,`y`,`w`,`h`,`lines`,`face`,`fontname`,`fontstyle`,`fontsize`,`align`,`valign`,`on_overflow`) VALUES ('226','24','option','1','group_new_page','no','0','0','0','0','0','','','','0','','top','truncate');
INSERT INTO `reports_items` (`id`,`reports_id`,`type`,`ord`,`field`,`value`,`x`,`y`,`w`,`h`,`lines`,`face`,`fontname`,`fontstyle`,`fontsize`,`align`,`valign`,`on_overflow`) VALUES ('227','24','option','0','type','label','0','0','0','0','0','','','','0','','top','truncate');
INSERT INTO `reports_items` (`id`,`reports_id`,`type`,`ord`,`field`,`value`,`x`,`y`,`w`,`h`,`lines`,`face`,`fontname`,`fontstyle`,`fontsize`,`align`,`valign`,`on_overflow`) VALUES ('228','25','option','4','label_fairname','yes','0','0','0','0','0','','','','0','','top','truncate');
INSERT INTO `reports_items` (`id`,`reports_id`,`type`,`ord`,`field`,`value`,`x`,`y`,`w`,`h`,`lines`,`face`,`fontname`,`fontstyle`,`fontsize`,`align`,`valign`,`on_overflow`) VALUES ('229','25','option','3','label_box','yes','0','0','0','0','0','','','','0','','top','truncate');
INSERT INTO `reports_items` (`id`,`reports_id`,`type`,`ord`,`field`,`value`,`x`,`y`,`w`,`h`,`lines`,`face`,`fontname`,`fontstyle`,`fontsize`,`align`,`valign`,`on_overflow`) VALUES ('230','25','option','2','allow_multiline','no','0','0','0','0','0','','','','0','','top','truncate');
INSERT INTO `reports_items` (`id`,`reports_id`,`type`,`ord`,`field`,`value`,`x`,`y`,`w`,`h`,`lines`,`face`,`fontname`,`fontstyle`,`fontsize`,`align`,`valign`,`on_overflow`) VALUES ('231','25','option','1','group_new_page','no','0','0','0','0','0','','','','0','','top','truncate');
INSERT INTO `reports_items` (`id`,`reports_id`,`type`,`ord`,`field`,`value`,`x`,`y`,`w`,`h`,`lines`,`face`,`fontname`,`fontstyle`,`fontsize`,`align`,`valign`,`on_overflow`) VALUES ('232','25','option','0','type','label','0','0','0','0','0','','','','0','','top','truncate');
INSERT INTO `reports_items` (`id`,`reports_id`,`type`,`ord`,`field`,`value`,`x`,`y`,`w`,`h`,`lines`,`face`,`fontname`,`fontstyle`,`fontsize`,`align`,`valign`,`on_overflow`) VALUES ('233','25','sort','0','pn','','0','0','0','0','0','','','','0','','top','truncate');
INSERT INTO `reports_items` (`id`,`reports_id`,`type`,`ord`,`field`,`value`,`x`,`y`,`w`,`h`,`lines`,`face`,`fontname`,`fontstyle`,`fontsize`,`align`,`valign`,`on_overflow`) VALUES ('234','8','col','7','nom_awards','','0','0','0','0','0','','','','0','','top','truncate');
INSERT INTO `reports_items` (`id`,`reports_id`,`type`,`ord`,`field`,`value`,`x`,`y`,`w`,`h`,`lines`,`face`,`fontname`,`fontstyle`,`fontsize`,`align`,`valign`,`on_overflow`) VALUES ('235','25','col','3','categorydivision','','1','80','98','12','2','','','','0','center','top','truncate');
INSERT INTO `reports_items` (`id`,`reports_id`,`type`,`ord`,`field`,`value`,`x`,`y`,`w`,`h`,`lines`,`face`,`fontname`,`fontstyle`,`fontsize`,`align`,`valign`,`on_overflow`) VALUES ('236','25','col','2','pn','','1','68','98','8','1','','','','0','center','top','truncate');
INSERT INTO `reports_items` (`id`,`reports_id`,`type`,`ord`,`field`,`value`,`x`,`y`,`w`,`h`,`lines`,`face`,`fontname`,`fontstyle`,`fontsize`,`align`,`valign`,`on_overflow`) VALUES ('237','27','sort','0','namefl','','0','0','0','0','0','','','','0','','top','truncate');
INSERT INTO `reports_items` (`id`,`reports_id`,`type`,`ord`,`field`,`value`,`x`,`y`,`w`,`h`,`lines`,`face`,`fontname`,`fontstyle`,`fontsize`,`align`,`valign`,`on_overflow`) VALUES ('238','25','col','1','title','','1','35','98','27','3','','','','0','center','top','truncate');
INSERT INTO `reports_items` (`id`,`reports_id`,`type`,`ord`,`field`,`value`,`x`,`y`,`w`,`h`,`lines`,`face`,`fontname`,`fontstyle`,`fontsize`,`align`,`valign`,`on_overflow`) VALUES ('239','25','col','0','namefl','','5','5','90','28','2','','','','0','center','top','truncate');
INSERT INTO `reports_items` (`id`,`reports_id`,`type`,`ord`,`field`,`value`,`x`,`y`,`w`,`h`,`lines`,`face`,`fontname`,`fontstyle`,`fontsize`,`align`,`valign`,`on_overflow`) VALUES ('240','26','col','2','categorydivision','','1','70','98','14','2','','','','0','center','top','truncate');
INSERT INTO `reports_items` (`id`,`reports_id`,`type`,`ord`,`field`,`value`,`x`,`y`,`w`,`h`,`lines`,`face`,`fontname`,`fontstyle`,`fontsize`,`align`,`valign`,`on_overflow`) VALUES ('241','26','sort','0','pn','','0','0','0','0','0','','','','0','','top','truncate');
INSERT INTO `reports_items` (`id`,`reports_id`,`type`,`ord`,`field`,`value`,`x`,`y`,`w`,`h`,`lines`,`face`,`fontname`,`fontstyle`,`fontsize`,`align`,`valign`,`on_overflow`) VALUES ('242','26','option','6','stock','nametag','0','0','0','0','0','','','','0','','top','truncate');
INSERT INTO `reports_items` (`id`,`reports_id`,`type`,`ord`,`field`,`value`,`x`,`y`,`w`,`h`,`lines`,`face`,`fontname`,`fontstyle`,`fontsize`,`align`,`valign`,`on_overflow`) VALUES ('243','26','option','5','label_logo','yes','0','0','0','0','0','','','','0','','top','truncate');
INSERT INTO `reports_items` (`id`,`reports_id`,`type`,`ord`,`field`,`value`,`x`,`y`,`w`,`h`,`lines`,`face`,`fontname`,`fontstyle`,`fontsize`,`align`,`valign`,`on_overflow`) VALUES ('244','26','option','4','label_fairname','yes','0','0','0','0','0','','','','0','','top','truncate');
INSERT INTO `reports_items` (`id`,`reports_id`,`type`,`ord`,`field`,`value`,`x`,`y`,`w`,`h`,`lines`,`face`,`fontname`,`fontstyle`,`fontsize`,`align`,`valign`,`on_overflow`) VALUES ('245','26','option','3','label_box','yes','0','0','0','0','0','','','','0','','top','truncate');
INSERT INTO `reports_items` (`id`,`reports_id`,`type`,`ord`,`field`,`value`,`x`,`y`,`w`,`h`,`lines`,`face`,`fontname`,`fontstyle`,`fontsize`,`align`,`valign`,`on_overflow`) VALUES ('246','26','option','2','allow_multiline','no','0','0','0','0','0','','','','0','','top','truncate');
INSERT INTO `reports_items` (`id`,`reports_id`,`type`,`ord`,`field`,`value`,`x`,`y`,`w`,`h`,`lines`,`face`,`fontname`,`fontstyle`,`fontsize`,`align`,`valign`,`on_overflow`) VALUES ('247','26','option','1','group_new_page','no','0','0','0','0','0','','','','0','','top','truncate');
INSERT INTO `reports_items` (`id`,`reports_id`,`type`,`ord`,`field`,`value`,`x`,`y`,`w`,`h`,`lines`,`face`,`fontname`,`fontstyle`,`fontsize`,`align`,`valign`,`on_overflow`) VALUES ('248','26','col','1','title','','1','35','98','27','3','','','','0','center','top','truncate');
INSERT INTO `reports_items` (`id`,`reports_id`,`type`,`ord`,`field`,`value`,`x`,`y`,`w`,`h`,`lines`,`face`,`fontname`,`fontstyle`,`fontsize`,`align`,`valign`,`on_overflow`) VALUES ('249','26','option','0','type','label','0','0','0','0','0','','','','0','','top','truncate');
INSERT INTO `reports_items` (`id`,`reports_id`,`type`,`ord`,`field`,`value`,`x`,`y`,`w`,`h`,`lines`,`face`,`fontname`,`fontstyle`,`fontsize`,`align`,`valign`,`on_overflow`) VALUES ('250','26','col','0','namefl','','5','5','90','28','2','bold','','','0','center','top','truncate');
INSERT INTO `reports_items` (`id`,`reports_id`,`type`,`ord`,`field`,`value`,`x`,`y`,`w`,`h`,`lines`,`face`,`fontname`,`fontstyle`,`fontsize`,`align`,`valign`,`on_overflow`) VALUES ('251','27','col','1','static_text','Judge','1','40','98','10','1','','','','0','center','top','truncate');
INSERT INTO `reports_items` (`id`,`reports_id`,`type`,`ord`,`field`,`value`,`x`,`y`,`w`,`h`,`lines`,`face`,`fontname`,`fontstyle`,`fontsize`,`align`,`valign`,`on_overflow`) VALUES ('252','27','col','0','namefl','','1','15','98','24','2','bold','','','0','center','top','truncate');
INSERT INTO `reports_items` (`id`,`reports_id`,`type`,`ord`,`field`,`value`,`x`,`y`,`w`,`h`,`lines`,`face`,`fontname`,`fontstyle`,`fontsize`,`align`,`valign`,`on_overflow`) VALUES ('253','27','option','4','label_fairname','yes','0','0','0','0','0','','','','0','','top','truncate');
INSERT INTO `reports_items` (`id`,`reports_id`,`type`,`ord`,`field`,`value`,`x`,`y`,`w`,`h`,`lines`,`face`,`fontname`,`fontstyle`,`fontsize`,`align`,`valign`,`on_overflow`) VALUES ('254','27','option','3','label_box','yes','0','0','0','0','0','','','','0','','top','truncate');
INSERT INTO `reports_items` (`id`,`reports_id`,`type`,`ord`,`field`,`value`,`x`,`y`,`w`,`h`,`lines`,`face`,`fontname`,`fontstyle`,`fontsize`,`align`,`valign`,`on_overflow`) VALUES ('255','27','option','2','allow_multiline','no','0','0','0','0','0','','','','0','','top','truncate');
INSERT INTO `reports_items` (`id`,`reports_id`,`type`,`ord`,`field`,`value`,`x`,`y`,`w`,`h`,`lines`,`face`,`fontname`,`fontstyle`,`fontsize`,`align`,`valign`,`on_overflow`) VALUES ('256','27','option','1','group_new_page','no','0','0','0','0','0','','','','0','','top','truncate');
INSERT INTO `reports_items` (`id`,`reports_id`,`type`,`ord`,`field`,`value`,`x`,`y`,`w`,`h`,`lines`,`face`,`fontname`,`fontstyle`,`fontsize`,`align`,`valign`,`on_overflow`) VALUES ('257','27','option','0','type','label','0','0','0','0','0','','','','0','','top','truncate');
INSERT INTO `reports_items` (`id`,`reports_id`,`type`,`ord`,`field`,`value`,`x`,`y`,`w`,`h`,`lines`,`face`,`fontname`,`fontstyle`,`fontsize`,`align`,`valign`,`on_overflow`) VALUES ('258','28','col','1','static_text','Committee','1','40','98','10','1','','','','0','center','top','truncate');
INSERT INTO `reports_items` (`id`,`reports_id`,`type`,`ord`,`field`,`value`,`x`,`y`,`w`,`h`,`lines`,`face`,`fontname`,`fontstyle`,`fontsize`,`align`,`valign`,`on_overflow`) VALUES ('259','28','col','0','name','','1','15','98','24','2','bold','','','0','center','top','truncate');
INSERT INTO `reports_items` (`id`,`reports_id`,`type`,`ord`,`field`,`value`,`x`,`y`,`w`,`h`,`lines`,`face`,`fontname`,`fontstyle`,`fontsize`,`align`,`valign`,`on_overflow`) VALUES ('260','28','sort','0','name','','0','0','0','0','0','','','','0','','top','truncate');
INSERT INTO `reports_items` (`id`,`reports_id`,`type`,`ord`,`field`,`value`,`x`,`y`,`w`,`h`,`lines`,`face`,`fontname`,`fontstyle`,`fontsize`,`align`,`valign`,`on_overflow`) VALUES ('261','28','option','4','label_fairname','yes','0','0','0','0','0','','','','0','','top','truncate');
INSERT INTO `reports_items` (`id`,`reports_id`,`type`,`ord`,`field`,`value`,`x`,`y`,`w`,`h`,`lines`,`face`,`fontname`,`fontstyle`,`fontsize`,`align`,`valign`,`on_overflow`) VALUES ('262','28','option','3','label_box','yes','0','0','0','0','0','','','','0','','top','truncate');
INSERT INTO `reports_items` (`id`,`reports_id`,`type`,`ord`,`field`,`value`,`x`,`y`,`w`,`h`,`lines`,`face`,`fontname`,`fontstyle`,`fontsize`,`align`,`valign`,`on_overflow`) VALUES ('263','28','option','2','allow_multiline','no','0','0','0','0','0','','','','0','','top','truncate');
INSERT INTO `reports_items` (`id`,`reports_id`,`type`,`ord`,`field`,`value`,`x`,`y`,`w`,`h`,`lines`,`face`,`fontname`,`fontstyle`,`fontsize`,`align`,`valign`,`on_overflow`) VALUES ('264','28','option','1','group_new_page','no','0','0','0','0','0','','','','0','','top','truncate');
INSERT INTO `reports_items` (`id`,`reports_id`,`type`,`ord`,`field`,`value`,`x`,`y`,`w`,`h`,`lines`,`face`,`fontname`,`fontstyle`,`fontsize`,`align`,`valign`,`on_overflow`) VALUES ('265','28','option','0','type','label','0','0','0','0','0','','','','0','','top','truncate');
INSERT INTO `reports_items` (`id`,`reports_id`,`type`,`ord`,`field`,`value`,`x`,`y`,`w`,`h`,`lines`,`face`,`fontname`,`fontstyle`,`fontsize`,`align`,`valign`,`on_overflow`) VALUES ('266','30','option','6','stock','fullpage_landscape','0','0','0','0','0','','','','0','','top','truncate');
INSERT INTO `reports_items` (`id`,`reports_id`,`type`,`ord`,`field`,`value`,`x`,`y`,`w`,`h`,`lines`,`face`,`fontname`,`fontstyle`,`fontsize`,`align`,`valign`,`on_overflow`) VALUES ('267','29','option','5','label_logo','no','0','0','0','0','0','','','','0','','top','truncate');
INSERT INTO `reports_items` (`id`,`reports_id`,`type`,`ord`,`field`,`value`,`x`,`y`,`w`,`h`,`lines`,`face`,`fontname`,`fontstyle`,`fontsize`,`align`,`valign`,`on_overflow`) VALUES ('268','29','col','1','categorydivision','','1','30','98','18','1','','','','0','left','top','truncate');
INSERT INTO `reports_items` (`id`,`reports_id`,`type`,`ord`,`field`,`value`,`x`,`y`,`w`,`h`,`lines`,`face`,`fontname`,`fontstyle`,`fontsize`,`align`,`valign`,`on_overflow`) VALUES ('269','8','col','6','school_city','','0','0','0','0','0','','','','0','','top','truncate');
INSERT INTO `reports_items` (`id`,`reports_id`,`type`,`ord`,`field`,`value`,`x`,`y`,`w`,`h`,`lines`,`face`,`fontname`,`fontstyle`,`fontsize`,`align`,`valign`,`on_overflow`) VALUES ('270','29','col','0','pn','','1','5','98','20','1','','','','0','left','top','truncate');
INSERT INTO `reports_items` (`id`,`reports_id`,`type`,`ord`,`field`,`value`,`x`,`y`,`w`,`h`,`lines`,`face`,`fontname`,`fontstyle`,`fontsize`,`align`,`valign`,`on_overflow`) VALUES ('271','29','sort','0','pn','','0','0','0','0','0','','','','0','','top','truncate');
INSERT INTO `reports_items` (`id`,`reports_id`,`type`,`ord`,`field`,`value`,`x`,`y`,`w`,`h`,`lines`,`face`,`fontname`,`fontstyle`,`fontsize`,`align`,`valign`,`on_overflow`) VALUES ('272','29','option','4','label_fairname','no','0','0','0','0','0','','','','0','','top','truncate');
INSERT INTO `reports_items` (`id`,`reports_id`,`type`,`ord`,`field`,`value`,`x`,`y`,`w`,`h`,`lines`,`face`,`fontname`,`fontstyle`,`fontsize`,`align`,`valign`,`on_overflow`) VALUES ('273','29','option','3','label_box','yes','0','0','0','0','0','','','','0','','top','truncate');
INSERT INTO `reports_items` (`id`,`reports_id`,`type`,`ord`,`field`,`value`,`x`,`y`,`w`,`h`,`lines`,`face`,`fontname`,`fontstyle`,`fontsize`,`align`,`valign`,`on_overflow`) VALUES ('274','29','option','2','allow_multiline','no','0','0','0','0','0','','','','0','','top','truncate');
INSERT INTO `reports_items` (`id`,`reports_id`,`type`,`ord`,`field`,`value`,`x`,`y`,`w`,`h`,`lines`,`face`,`fontname`,`fontstyle`,`fontsize`,`align`,`valign`,`on_overflow`) VALUES ('275','29','option','1','group_new_page','no','0','0','0','0','0','','','','0','','top','truncate');
INSERT INTO `reports_items` (`id`,`reports_id`,`type`,`ord`,`field`,`value`,`x`,`y`,`w`,`h`,`lines`,`face`,`fontname`,`fontstyle`,`fontsize`,`align`,`valign`,`on_overflow`) VALUES ('276','29','option','0','type','label','0','0','0','0','0','','','','0','','top','truncate');
INSERT INTO `reports_items` (`id`,`reports_id`,`type`,`ord`,`field`,`value`,`x`,`y`,`w`,`h`,`lines`,`face`,`fontname`,`fontstyle`,`fontsize`,`align`,`valign`,`on_overflow`) VALUES ('277','30','col','3','categorydivision','','1','85','98','5','1','','','','0','center','top','truncate');
INSERT INTO `reports_items` (`id`,`reports_id`,`type`,`ord`,`field`,`value`,`x`,`y`,`w`,`h`,`lines`,`face`,`fontname`,`fontstyle`,`fontsize`,`align`,`valign`,`on_overflow`) VALUES ('278','30','col','2','pn','','1','20','98','35','1','','','','0','center','top','truncate');
INSERT INTO `reports_items` (`id`,`reports_id`,`type`,`ord`,`field`,`value`,`x`,`y`,`w`,`h`,`lines`,`face`,`fontname`,`fontstyle`,`fontsize`,`align`,`valign`,`on_overflow`) VALUES ('279','30','sort','0','pn','','0','0','0','0','0','','','','0','','top','truncate');
INSERT INTO `reports_items` (`id`,`reports_id`,`type`,`ord`,`field`,`value`,`x`,`y`,`w`,`h`,`lines`,`face`,`fontname`,`fontstyle`,`fontsize`,`align`,`valign`,`on_overflow`) VALUES ('280','30','option','4','label_fairname','yes','0','0','0','0','0','','','','0','','top','truncate');
INSERT INTO `reports_items` (`id`,`reports_id`,`type`,`ord`,`field`,`value`,`x`,`y`,`w`,`h`,`lines`,`face`,`fontname`,`fontstyle`,`fontsize`,`align`,`valign`,`on_overflow`) VALUES ('281','30','option','3','label_box','no','0','0','0','0','0','','','','0','','top','truncate');
INSERT INTO `reports_items` (`id`,`reports_id`,`type`,`ord`,`field`,`value`,`x`,`y`,`w`,`h`,`lines`,`face`,`fontname`,`fontstyle`,`fontsize`,`align`,`valign`,`on_overflow`) VALUES ('282','30','option','1','group_new_page','no','0','0','0','0','0','','','','0','','top','truncate');
INSERT INTO `reports_items` (`id`,`reports_id`,`type`,`ord`,`field`,`value`,`x`,`y`,`w`,`h`,`lines`,`face`,`fontname`,`fontstyle`,`fontsize`,`align`,`valign`,`on_overflow`) VALUES ('283','30','col','1','title','','1','5','98','15','3','','','','0','center','top','truncate');
INSERT INTO `reports_items` (`id`,`reports_id`,`type`,`ord`,`field`,`value`,`x`,`y`,`w`,`h`,`lines`,`face`,`fontname`,`fontstyle`,`fontsize`,`align`,`valign`,`on_overflow`) VALUES ('284','30','option','2','allow_multiline','no','0','0','0','0','0','','','','0','','top','truncate');
INSERT INTO `reports_items` (`id`,`reports_id`,`type`,`ord`,`field`,`value`,`x`,`y`,`w`,`h`,`lines`,`face`,`fontname`,`fontstyle`,`fontsize`,`align`,`valign`,`on_overflow`) VALUES ('285','31','option','6','stock','fullpage','0','0','0','0','0','','','','0','','top','truncate');
INSERT INTO `reports_items` (`id`,`reports_id`,`type`,`ord`,`field`,`value`,`x`,`y`,`w`,`h`,`lines`,`face`,`fontname`,`fontstyle`,`fontsize`,`align`,`valign`,`on_overflow`) VALUES ('286','8','col','5','birthdate','','0','0','0','0','0','','','','0','','top','truncate');
INSERT INTO `reports_items` (`id`,`reports_id`,`type`,`ord`,`field`,`value`,`x`,`y`,`w`,`h`,`lines`,`face`,`fontname`,`fontstyle`,`fontsize`,`align`,`valign`,`on_overflow`) VALUES ('287','8','col','4','gender','','0','0','0','0','0','','','','0','','top','truncate');
INSERT INTO `reports_items` (`id`,`reports_id`,`type`,`ord`,`field`,`value`,`x`,`y`,`w`,`h`,`lines`,`face`,`fontname`,`fontstyle`,`fontsize`,`align`,`valign`,`on_overflow`) VALUES ('288','31','option','5','label_logo','no','0','0','0','0','0','','','','0','','top','truncate');
INSERT INTO `reports_items` (`id`,`reports_id`,`type`,`ord`,`field`,`value`,`x`,`y`,`w`,`h`,`lines`,`face`,`fontname`,`fontstyle`,`fontsize`,`align`,`valign`,`on_overflow`) VALUES ('289','31','option','4','label_fairname','no','0','0','0','0','0','','','','0','','top','truncate');
INSERT INTO `reports_items` (`id`,`reports_id`,`type`,`ord`,`field`,`value`,`x`,`y`,`w`,`h`,`lines`,`face`,`fontname`,`fontstyle`,`fontsize`,`align`,`valign`,`on_overflow`) VALUES ('290','31','option','3','label_box','no','0','0','0','0','0','','','','0','','top','truncate');
INSERT INTO `reports_items` (`id`,`reports_id`,`type`,`ord`,`field`,`value`,`x`,`y`,`w`,`h`,`lines`,`face`,`fontname`,`fontstyle`,`fontsize`,`align`,`valign`,`on_overflow`) VALUES ('291','31','option','2','allow_multiline','no','0','0','0','0','0','','','','0','','top','truncate');
INSERT INTO `reports_items` (`id`,`reports_id`,`type`,`ord`,`field`,`value`,`x`,`y`,`w`,`h`,`lines`,`face`,`fontname`,`fontstyle`,`fontsize`,`align`,`valign`,`on_overflow`) VALUES ('292','31','col','5','age','','0','0','0','0','0','','','','0','','top','truncate');
INSERT INTO `reports_items` (`id`,`reports_id`,`type`,`ord`,`field`,`value`,`x`,`y`,`w`,`h`,`lines`,`face`,`fontname`,`fontstyle`,`fontsize`,`align`,`valign`,`on_overflow`) VALUES ('293','31','sort','0','pn','','0','0','0','0','0','','','','0','','top','truncate');
INSERT INTO `reports_items` (`id`,`reports_id`,`type`,`ord`,`field`,`value`,`x`,`y`,`w`,`h`,`lines`,`face`,`fontname`,`fontstyle`,`fontsize`,`align`,`valign`,`on_overflow`) VALUES ('294','17','option','2','allow_multiline','yes','0','0','0','0','0','','','','0','','top','truncate');
INSERT INTO `reports_items` (`id`,`reports_id`,`type`,`ord`,`field`,`value`,`x`,`y`,`w`,`h`,`lines`,`face`,`fontname`,`fontstyle`,`fontsize`,`align`,`valign`,`on_overflow`) VALUES ('295','31','option','1','group_new_page','yes','0','0','0','0','0','','','','0','','top','truncate');
INSERT INTO `reports_items` (`id`,`reports_id`,`type`,`ord`,`field`,`value`,`x`,`y`,`w`,`h`,`lines`,`face`,`fontname`,`fontstyle`,`fontsize`,`align`,`valign`,`on_overflow`) VALUES ('296','31','col','4','gender','','0','0','0','0','0','','','','0','','top','truncate');
INSERT INTO `reports_items` (`id`,`reports_id`,`type`,`ord`,`field`,`value`,`x`,`y`,`w`,`h`,`lines`,`face`,`fontname`,`fontstyle`,`fontsize`,`align`,`valign`,`on_overflow`) VALUES ('297','31','option','0','type','pdf','0','0','0','0','0','','','','0','','top','truncate');
INSERT INTO `reports_items` (`id`,`reports_id`,`type`,`ord`,`field`,`value`,`x`,`y`,`w`,`h`,`lines`,`face`,`fontname`,`fontstyle`,`fontsize`,`align`,`valign`,`on_overflow`) VALUES ('298','31','col','3','grade','','0','0','0','0','0','','','','0','','top','truncate');
INSERT INTO `reports_items` (`id`,`reports_id`,`type`,`ord`,`field`,`value`,`x`,`y`,`w`,`h`,`lines`,`face`,`fontname`,`fontstyle`,`fontsize`,`align`,`valign`,`on_overflow`) VALUES ('299','31','group','0','nom_awards','','0','0','0','0','0','','','','0','','top','truncate');
INSERT INTO `reports_items` (`id`,`reports_id`,`type`,`ord`,`field`,`value`,`x`,`y`,`w`,`h`,`lines`,`face`,`fontname`,`fontstyle`,`fontsize`,`align`,`valign`,`on_overflow`) VALUES ('300','32','option','6','stock','fullpage','0','0','0','0','0','','','','0','','top','truncate');
INSERT INTO `reports_items` (`id`,`reports_id`,`type`,`ord`,`field`,`value`,`x`,`y`,`w`,`h`,`lines`,`face`,`fontname`,`fontstyle`,`fontsize`,`align`,`valign`,`on_overflow`) VALUES ('301','32','col','4','school','','0','0','0','0','0','','','','0','','top','truncate');
INSERT INTO `reports_items` (`id`,`reports_id`,`type`,`ord`,`field`,`value`,`x`,`y`,`w`,`h`,`lines`,`face`,`fontname`,`fontstyle`,`fontsize`,`align`,`valign`,`on_overflow`) VALUES ('302','32','col','3','grade','','0','0','0','0','0','','','','0','','top','truncate');
INSERT INTO `reports_items` (`id`,`reports_id`,`type`,`ord`,`field`,`value`,`x`,`y`,`w`,`h`,`lines`,`face`,`fontname`,`fontstyle`,`fontsize`,`align`,`valign`,`on_overflow`) VALUES ('303','32','col','2','title','','0','0','0','0','0','','','','0','','top','truncate');
INSERT INTO `reports_items` (`id`,`reports_id`,`type`,`ord`,`field`,`value`,`x`,`y`,`w`,`h`,`lines`,`face`,`fontname`,`fontstyle`,`fontsize`,`align`,`valign`,`on_overflow`) VALUES ('304','32','group','0','school_board','','0','0','0','0','0','','','','0','','top','truncate');
INSERT INTO `reports_items` (`id`,`reports_id`,`type`,`ord`,`field`,`value`,`x`,`y`,`w`,`h`,`lines`,`face`,`fontname`,`fontstyle`,`fontsize`,`align`,`valign`,`on_overflow`) VALUES ('305','32','sort','0','pn','','0','0','0','0','0','','','','0','','top','truncate');
INSERT INTO `reports_items` (`id`,`reports_id`,`type`,`ord`,`field`,`value`,`x`,`y`,`w`,`h`,`lines`,`face`,`fontname`,`fontstyle`,`fontsize`,`align`,`valign`,`on_overflow`) VALUES ('306','32','option','2','allow_multiline','no','0','0','0','0','0','','','','0','','top','truncate');
INSERT INTO `reports_items` (`id`,`reports_id`,`type`,`ord`,`field`,`value`,`x`,`y`,`w`,`h`,`lines`,`face`,`fontname`,`fontstyle`,`fontsize`,`align`,`valign`,`on_overflow`) VALUES ('307','32','option','5','label_logo','no','0','0','0','0','0','','','','0','','top','truncate');
INSERT INTO `reports_items` (`id`,`reports_id`,`type`,`ord`,`field`,`value`,`x`,`y`,`w`,`h`,`lines`,`face`,`fontname`,`fontstyle`,`fontsize`,`align`,`valign`,`on_overflow`) VALUES ('308','32','option','4','label_fairname','no','0','0','0','0','0','','','','0','','top','truncate');
INSERT INTO `reports_items` (`id`,`reports_id`,`type`,`ord`,`field`,`value`,`x`,`y`,`w`,`h`,`lines`,`face`,`fontname`,`fontstyle`,`fontsize`,`align`,`valign`,`on_overflow`) VALUES ('309','32','option','1','group_new_page','yes','0','0','0','0','0','','','','0','','top','truncate');
INSERT INTO `reports_items` (`id`,`reports_id`,`type`,`ord`,`field`,`value`,`x`,`y`,`w`,`h`,`lines`,`face`,`fontname`,`fontstyle`,`fontsize`,`align`,`valign`,`on_overflow`) VALUES ('310','32','col','1','name','','0','0','0','0','0','','','','0','','top','truncate');
INSERT INTO `reports_items` (`id`,`reports_id`,`type`,`ord`,`field`,`value`,`x`,`y`,`w`,`h`,`lines`,`face`,`fontname`,`fontstyle`,`fontsize`,`align`,`valign`,`on_overflow`) VALUES ('311','32','col','0','pn','','0','0','0','0','0','','','','0','','top','truncate');
INSERT INTO `reports_items` (`id`,`reports_id`,`type`,`ord`,`field`,`value`,`x`,`y`,`w`,`h`,`lines`,`face`,`fontname`,`fontstyle`,`fontsize`,`align`,`valign`,`on_overflow`) VALUES ('312','32','option','3','label_box','no','0','0','0','0','0','','','','0','','top','truncate');
INSERT INTO `reports_items` (`id`,`reports_id`,`type`,`ord`,`field`,`value`,`x`,`y`,`w`,`h`,`lines`,`face`,`fontname`,`fontstyle`,`fontsize`,`align`,`valign`,`on_overflow`) VALUES ('313','32','option','0','type','pdf','0','0','0','0','0','','','','0','','top','truncate');
INSERT INTO `reports_items` (`id`,`reports_id`,`type`,`ord`,`field`,`value`,`x`,`y`,`w`,`h`,`lines`,`face`,`fontname`,`fontstyle`,`fontsize`,`align`,`valign`,`on_overflow`) VALUES ('314','17','option','3','label_box','no','0','0','0','0','0','','','','0','','top','truncate');
INSERT INTO `reports_items` (`id`,`reports_id`,`type`,`ord`,`field`,`value`,`x`,`y`,`w`,`h`,`lines`,`face`,`fontname`,`fontstyle`,`fontsize`,`align`,`valign`,`on_overflow`) VALUES ('315','17','option','4','label_fairname','no','0','0','0','0','0','','','','0','','top','truncate');
INSERT INTO `reports_items` (`id`,`reports_id`,`type`,`ord`,`field`,`value`,`x`,`y`,`w`,`h`,`lines`,`face`,`fontname`,`fontstyle`,`fontsize`,`align`,`valign`,`on_overflow`) VALUES ('316','17','option','5','label_logo','no','0','0','0','0','0','','','','0','','top','truncate');
INSERT INTO `reports_items` (`id`,`reports_id`,`type`,`ord`,`field`,`value`,`x`,`y`,`w`,`h`,`lines`,`face`,`fontname`,`fontstyle`,`fontsize`,`align`,`valign`,`on_overflow`) VALUES ('317','17','option','6','stock','fullpage','0','0','0','0','0','','','','0','','top','truncate');
INSERT INTO `reports_items` (`id`,`reports_id`,`type`,`ord`,`field`,`value`,`x`,`y`,`w`,`h`,`lines`,`face`,`fontname`,`fontstyle`,`fontsize`,`align`,`valign`,`on_overflow`) VALUES ('318','31','col','2','namefl','','0','0','0','0','0','','','','0','','top','truncate');
INSERT INTO `reports_items` (`id`,`reports_id`,`type`,`ord`,`field`,`value`,`x`,`y`,`w`,`h`,`lines`,`face`,`fontname`,`fontstyle`,`fontsize`,`align`,`valign`,`on_overflow`) VALUES ('319','31','col','1','title','','0','0','0','0','0','','','','0','','top','truncate');
INSERT INTO `reports_items` (`id`,`reports_id`,`type`,`ord`,`field`,`value`,`x`,`y`,`w`,`h`,`lines`,`face`,`fontname`,`fontstyle`,`fontsize`,`align`,`valign`,`on_overflow`) VALUES ('320','31','col','0','pn','','0','0','0','0','0','','','','0','','top','truncate');
INSERT INTO `reports_items` (`id`,`reports_id`,`type`,`ord`,`field`,`value`,`x`,`y`,`w`,`h`,`lines`,`face`,`fontname`,`fontstyle`,`fontsize`,`align`,`valign`,`on_overflow`) VALUES ('321','33','col','5','static_text','Chair','5','85','30','2','1','','','','0','center','top','truncate');
INSERT INTO `reports_items` (`id`,`reports_id`,`type`,`ord`,`field`,`value`,`x`,`y`,`w`,`h`,`lines`,`face`,`fontname`,`fontstyle`,`fontsize`,`align`,`valign`,`on_overflow`) VALUES ('322','33','sort','0','pn','','0','0','0','0','0','','','','0','','top','truncate');
INSERT INTO `reports_items` (`id`,`reports_id`,`type`,`ord`,`field`,`value`,`x`,`y`,`w`,`h`,`lines`,`face`,`fontname`,`fontstyle`,`fontsize`,`align`,`valign`,`on_overflow`) VALUES ('323','8','col','2','namefl','','0','0','0','0','0','','','','0','','top','truncate');
INSERT INTO `reports_items` (`id`,`reports_id`,`type`,`ord`,`field`,`value`,`x`,`y`,`w`,`h`,`lines`,`face`,`fontname`,`fontstyle`,`fontsize`,`align`,`valign`,`on_overflow`) VALUES ('324','8','option','6','stock','fullpage','0','0','0','0','0','','','','0','','top','truncate');
INSERT INTO `reports_items` (`id`,`reports_id`,`type`,`ord`,`field`,`value`,`x`,`y`,`w`,`h`,`lines`,`face`,`fontname`,`fontstyle`,`fontsize`,`align`,`valign`,`on_overflow`) VALUES ('325','33','col','6','static_text','Chief Judge','60','85','30','2','1','','','','0','center','top','truncate');
INSERT INTO `reports_items` (`id`,`reports_id`,`type`,`ord`,`field`,`value`,`x`,`y`,`w`,`h`,`lines`,`face`,`fontname`,`fontstyle`,`fontsize`,`align`,`valign`,`on_overflow`) VALUES ('326','33','col','4','fair_year','','5','25','30','6','1','','','','0','center','top','truncate');
INSERT INTO `reports_items` (`id`,`reports_id`,`type`,`ord`,`field`,`value`,`x`,`y`,`w`,`h`,`lines`,`face`,`fontname`,`fontstyle`,`fontsize`,`align`,`valign`,`on_overflow`) VALUES ('327','33','option','5','label_logo','no','0','0','0','0','0','','','','0','','top','truncate');
INSERT INTO `reports_items` (`id`,`reports_id`,`type`,`ord`,`field`,`value`,`x`,`y`,`w`,`h`,`lines`,`face`,`fontname`,`fontstyle`,`fontsize`,`align`,`valign`,`on_overflow`) VALUES ('328','33','option','6','stock','fullpage','0','0','0','0','0','','','','0','','top','truncate');
INSERT INTO `reports_items` (`id`,`reports_id`,`type`,`ord`,`field`,`value`,`x`,`y`,`w`,`h`,`lines`,`face`,`fontname`,`fontstyle`,`fontsize`,`align`,`valign`,`on_overflow`) VALUES ('329','33','option','4','label_fairname','no','0','0','0','0','0','','','','0','','top','truncate');
INSERT INTO `reports_items` (`id`,`reports_id`,`type`,`ord`,`field`,`value`,`x`,`y`,`w`,`h`,`lines`,`face`,`fontname`,`fontstyle`,`fontsize`,`align`,`valign`,`on_overflow`) VALUES ('330','33','option','3','label_box','yes','0','0','0','0','0','','','','0','','top','truncate');
INSERT INTO `reports_items` (`id`,`reports_id`,`type`,`ord`,`field`,`value`,`x`,`y`,`w`,`h`,`lines`,`face`,`fontname`,`fontstyle`,`fontsize`,`align`,`valign`,`on_overflow`) VALUES ('331','33','option','2','allow_multiline','no','0','0','0','0','0','','','','0','','top','truncate');
INSERT INTO `reports_items` (`id`,`reports_id`,`type`,`ord`,`field`,`value`,`x`,`y`,`w`,`h`,`lines`,`face`,`fontname`,`fontstyle`,`fontsize`,`align`,`valign`,`on_overflow`) VALUES ('332','33','option','1','group_new_page','no','0','0','0','0','0','','','','0','','top','truncate');
INSERT INTO `reports_items` (`id`,`reports_id`,`type`,`ord`,`field`,`value`,`x`,`y`,`w`,`h`,`lines`,`face`,`fontname`,`fontstyle`,`fontsize`,`align`,`valign`,`on_overflow`) VALUES ('333','33','option','0','type','label','0','0','0','0','0','','','','0','','top','truncate');
INSERT INTO `reports_items` (`id`,`reports_id`,`type`,`ord`,`field`,`value`,`x`,`y`,`w`,`h`,`lines`,`face`,`fontname`,`fontstyle`,`fontsize`,`align`,`valign`,`on_overflow`) VALUES ('334','33','col','3','pn','','3','97','94','1','1','','','','0','right','top','truncate');
INSERT INTO `reports_items` (`id`,`reports_id`,`type`,`ord`,`field`,`value`,`x`,`y`,`w`,`h`,`lines`,`face`,`fontname`,`fontstyle`,`fontsize`,`align`,`valign`,`on_overflow`) VALUES ('335','33','col','0','fair_name','','1','36','98','4','1','','','','0','center','top','truncate');
INSERT INTO `reports_items` (`id`,`reports_id`,`type`,`ord`,`field`,`value`,`x`,`y`,`w`,`h`,`lines`,`face`,`fontname`,`fontstyle`,`fontsize`,`align`,`valign`,`on_overflow`) VALUES ('336','33','col','1','namefl','','1','56','98','8','2','','','','0','center','top','truncate');
INSERT INTO `reports_items` (`id`,`reports_id`,`type`,`ord`,`field`,`value`,`x`,`y`,`w`,`h`,`lines`,`face`,`fontname`,`fontstyle`,`fontsize`,`align`,`valign`,`on_overflow`) VALUES ('337','33','col','2','title','','1','65','98','12','3','','','','0','center','top','truncate');
INSERT INTO `reports_items` (`id`,`reports_id`,`type`,`ord`,`field`,`value`,`x`,`y`,`w`,`h`,`lines`,`face`,`fontname`,`fontstyle`,`fontsize`,`align`,`valign`,`on_overflow`) VALUES ('338','24','col','3','school_postal','','5','60','95','8','1','','','','0','left','top','truncate');
INSERT INTO `reports_items` (`id`,`reports_id`,`type`,`ord`,`field`,`value`,`x`,`y`,`w`,`h`,`lines`,`face`,`fontname`,`fontstyle`,`fontsize`,`align`,`valign`,`on_overflow`) VALUES ('339','30','col','0','bothnames','','1','70','98','10','2','','','','0','center','top','truncate');
INSERT INTO `reports_items` (`id`,`reports_id`,`type`,`ord`,`field`,`value`,`x`,`y`,`w`,`h`,`lines`,`face`,`fontname`,`fontstyle`,`fontsize`,`align`,`valign`,`on_overflow`) VALUES ('340','30','option','0','type','label','0','0','0','0','0','','','','0','','top','truncate');
INSERT INTO `reports_items` (`id`,`reports_id`,`type`,`ord`,`field`,`value`,`x`,`y`,`w`,`h`,`lines`,`face`,`fontname`,`fontstyle`,`fontsize`,`align`,`valign`,`on_overflow`) VALUES ('341','26','col','3','pn','','1','85','98','8','1','','','','0','center','top','truncate');
INSERT INTO `reports_items` (`id`,`reports_id`,`type`,`ord`,`field`,`value`,`x`,`y`,`w`,`h`,`lines`,`face`,`fontname`,`fontstyle`,`fontsize`,`align`,`valign`,`on_overflow`) VALUES ('342','27','col','2','organization','','1','70','98','16','2','','','','0','center','top','truncate');
INSERT INTO `reports_items` (`id`,`reports_id`,`type`,`ord`,`field`,`value`,`x`,`y`,`w`,`h`,`lines`,`face`,`fontname`,`fontstyle`,`fontsize`,`align`,`valign`,`on_overflow`) VALUES ('343','27','option','5','label_logo','yes','0','0','0','0','0','','','','0','','top','truncate');
INSERT INTO `reports_items` (`id`,`reports_id`,`type`,`ord`,`field`,`value`,`x`,`y`,`w`,`h`,`lines`,`face`,`fontname`,`fontstyle`,`fontsize`,`align`,`valign`,`on_overflow`) VALUES ('344','27','option','6','stock','nametag','0','0','0','0','0','','','','0','','top','truncate');
INSERT INTO `reports_items` (`id`,`reports_id`,`type`,`ord`,`field`,`value`,`x`,`y`,`w`,`h`,`lines`,`face`,`fontname`,`fontstyle`,`fontsize`,`align`,`valign`,`on_overflow`) VALUES ('345','27','filter','0','complete','yes','0','0','0','0','0','','','','0','','top','truncate');
INSERT INTO `reports_items` (`id`,`reports_id`,`type`,`ord`,`field`,`value`,`x`,`y`,`w`,`h`,`lines`,`face`,`fontname`,`fontstyle`,`fontsize`,`align`,`valign`,`on_overflow`) VALUES ('346','28','col','2','organization','','1','70','98','16','2','','','','0','center','top','truncate');
INSERT INTO `reports_items` (`id`,`reports_id`,`type`,`ord`,`field`,`value`,`x`,`y`,`w`,`h`,`lines`,`face`,`fontname`,`fontstyle`,`fontsize`,`align`,`valign`,`on_overflow`) VALUES ('347','28','option','5','label_logo','yes','0','0','0','0','0','','','','0','','top','truncate');
INSERT INTO `reports_items` (`id`,`reports_id`,`type`,`ord`,`field`,`value`,`x`,`y`,`w`,`h`,`lines`,`face`,`fontname`,`fontstyle`,`fontsize`,`align`,`valign`,`on_overflow`) VALUES ('348','28','option','6','stock','nametag','0','0','0','0','0','','','','0','','top','truncate');
INSERT INTO `reports_items` (`id`,`reports_id`,`type`,`ord`,`field`,`value`,`x`,`y`,`w`,`h`,`lines`,`face`,`fontname`,`fontstyle`,`fontsize`,`align`,`valign`,`on_overflow`) VALUES ('349','29','col','2','title','','1','55','98','40','2','','','','0','left','top','truncate');
INSERT INTO `reports_items` (`id`,`reports_id`,`type`,`ord`,`field`,`value`,`x`,`y`,`w`,`h`,`lines`,`face`,`fontname`,`fontstyle`,`fontsize`,`align`,`valign`,`on_overflow`) VALUES ('350','29','option','6','stock','5161','0','0','0','0','0','','','','0','','top','truncate');
INSERT INTO `reports_items` (`id`,`reports_id`,`type`,`ord`,`field`,`value`,`x`,`y`,`w`,`h`,`lines`,`face`,`fontname`,`fontstyle`,`fontsize`,`align`,`valign`,`on_overflow`) VALUES ('351','30','option','5','label_logo','yes','0','0','0','0','0','','','','0','','top','truncate');
INSERT INTO `reports_items` (`id`,`reports_id`,`type`,`ord`,`field`,`value`,`x`,`y`,`w`,`h`,`lines`,`face`,`fontname`,`fontstyle`,`fontsize`,`align`,`valign`,`on_overflow`) VALUES ('352','30','distinct','0','pn','','0','0','0','0','0','','','','0','','top','truncate');
INSERT INTO `reports_items` (`id`,`reports_id`,`type`,`ord`,`field`,`value`,`x`,`y`,`w`,`h`,`lines`,`face`,`fontname`,`fontstyle`,`fontsize`,`align`,`valign`,`on_overflow`) VALUES ('353','8','option','5','label_logo','no','0','0','0','0','0','','','','0','','top','truncate');
INSERT INTO `reports_items` (`id`,`reports_id`,`type`,`ord`,`field`,`value`,`x`,`y`,`w`,`h`,`lines`,`face`,`fontname`,`fontstyle`,`fontsize`,`align`,`valign`,`on_overflow`) VALUES ('354','8','option','4','label_fairname','no','0','0','0','0','0','','','','0','','top','truncate');
INSERT INTO `reports_items` (`id`,`reports_id`,`type`,`ord`,`field`,`value`,`x`,`y`,`w`,`h`,`lines`,`face`,`fontname`,`fontstyle`,`fontsize`,`align`,`valign`,`on_overflow`) VALUES ('355','8','option','2','allow_multiline','no','0','0','0','0','0','','','','0','','top','truncate');
INSERT INTO `reports_items` (`id`,`reports_id`,`type`,`ord`,`field`,`value`,`x`,`y`,`w`,`h`,`lines`,`face`,`fontname`,`fontstyle`,`fontsize`,`align`,`valign`,`on_overflow`) VALUES ('356','8','option','1','group_new_page','no','0','0','0','0','0','','','','0','','top','truncate');
INSERT INTO `reports_items` (`id`,`reports_id`,`type`,`ord`,`field`,`value`,`x`,`y`,`w`,`h`,`lines`,`face`,`fontname`,`fontstyle`,`fontsize`,`align`,`valign`,`on_overflow`) VALUES ('357','8','col','3','grade','','0','0','0','0','0','','','','0','','top','truncate');
INSERT INTO `reports_items` (`id`,`reports_id`,`type`,`ord`,`field`,`value`,`x`,`y`,`w`,`h`,`lines`,`face`,`fontname`,`fontstyle`,`fontsize`,`align`,`valign`,`on_overflow`) VALUES ('358','8','col','1','title','','0','0','0','0','0','','','','0','','top','truncate');
INSERT INTO `reports_items` (`id`,`reports_id`,`type`,`ord`,`field`,`value`,`x`,`y`,`w`,`h`,`lines`,`face`,`fontname`,`fontstyle`,`fontsize`,`align`,`valign`,`on_overflow`) VALUES ('359','8','col','0','pn','','0','0','0','0','0','','','','0','','top','truncate');
INSERT INTO `reports_items` (`id`,`reports_id`,`type`,`ord`,`field`,`value`,`x`,`y`,`w`,`h`,`lines`,`face`,`fontname`,`fontstyle`,`fontsize`,`align`,`valign`,`on_overflow`) VALUES ('360','8','option','3','label_box','no','0','0','0','0','0','','','','0','','top','truncate');
INSERT INTO `reports_items` (`id`,`reports_id`,`type`,`ord`,`field`,`value`,`x`,`y`,`w`,`h`,`lines`,`face`,`fontname`,`fontstyle`,`fontsize`,`align`,`valign`,`on_overflow`) VALUES ('361','8','option','0','type','csv','0','0','0','0','0','','','','0','','top','truncate');
INSERT INTO `reports_items` (`id`,`reports_id`,`type`,`ord`,`field`,`value`,`x`,`y`,`w`,`h`,`lines`,`face`,`fontname`,`fontstyle`,`fontsize`,`align`,`valign`,`on_overflow`) VALUES ('362','8','sort','0','nom_awards','','0','0','0','0','0','','','','0','','top','truncate');
INSERT INTO `reports_items` (`id`,`reports_id`,`type`,`ord`,`field`,`value`,`x`,`y`,`w`,`h`,`lines`,`face`,`fontname`,`fontstyle`,`fontsize`,`align`,`valign`,`on_overflow`) VALUES ('363','8','sort','1','pn','','0','0','0','0','0','','','','0','','top','truncate');
INSERT INTO `reports_items` (`id`,`reports_id`,`type`,`ord`,`field`,`value`,`x`,`y`,`w`,`h`,`lines`,`face`,`fontname`,`fontstyle`,`fontsize`,`align`,`valign`,`on_overflow`) VALUES ('364','34','col','3','categorydivision','','1','85','98','7','1','','','','0','center','top','truncate');
INSERT INTO `reports_items` (`id`,`reports_id`,`type`,`ord`,`field`,`value`,`x`,`y`,`w`,`h`,`lines`,`face`,`fontname`,`fontstyle`,`fontsize`,`align`,`valign`,`on_overflow`) VALUES ('365','34','col','2','pn','','1','20','98','35','1','','','','0','center','top','truncate');
INSERT INTO `reports_items` (`id`,`reports_id`,`type`,`ord`,`field`,`value`,`x`,`y`,`w`,`h`,`lines`,`face`,`fontname`,`fontstyle`,`fontsize`,`align`,`valign`,`on_overflow`) VALUES ('366','34','col','1','title','','1','5','98','24','3','','','','0','center','top','truncate');
INSERT INTO `reports_items` (`id`,`reports_id`,`type`,`ord`,`field`,`value`,`x`,`y`,`w`,`h`,`lines`,`face`,`fontname`,`fontstyle`,`fontsize`,`align`,`valign`,`on_overflow`) VALUES ('367','34','sort','0','pn','','0','0','0','0','0','','','','0','','top','truncate');
INSERT INTO `reports_items` (`id`,`reports_id`,`type`,`ord`,`field`,`value`,`x`,`y`,`w`,`h`,`lines`,`face`,`fontname`,`fontstyle`,`fontsize`,`align`,`valign`,`on_overflow`) VALUES ('368','34','option','4','label_fairname','yes','0','0','0','0','0','','','','0','','top','truncate');
INSERT INTO `reports_items` (`id`,`reports_id`,`type`,`ord`,`field`,`value`,`x`,`y`,`w`,`h`,`lines`,`face`,`fontname`,`fontstyle`,`fontsize`,`align`,`valign`,`on_overflow`) VALUES ('369','34','option','3','label_box','yes','0','0','0','0','0','','','','0','','top','truncate');
INSERT INTO `reports_items` (`id`,`reports_id`,`type`,`ord`,`field`,`value`,`x`,`y`,`w`,`h`,`lines`,`face`,`fontname`,`fontstyle`,`fontsize`,`align`,`valign`,`on_overflow`) VALUES ('370','34','option','2','allow_multiline','no','0','0','0','0','0','','','','0','','top','truncate');
INSERT INTO `reports_items` (`id`,`reports_id`,`type`,`ord`,`field`,`value`,`x`,`y`,`w`,`h`,`lines`,`face`,`fontname`,`fontstyle`,`fontsize`,`align`,`valign`,`on_overflow`) VALUES ('371','34','col','0','bothnames','','1','70','98','14','2','','','','0','center','top','truncate');
INSERT INTO `reports_items` (`id`,`reports_id`,`type`,`ord`,`field`,`value`,`x`,`y`,`w`,`h`,`lines`,`face`,`fontname`,`fontstyle`,`fontsize`,`align`,`valign`,`on_overflow`) VALUES ('372','34','distinct','0','pn','','0','0','0','0','0','','','','0','','top','truncate');
INSERT INTO `reports_items` (`id`,`reports_id`,`type`,`ord`,`field`,`value`,`x`,`y`,`w`,`h`,`lines`,`face`,`fontname`,`fontstyle`,`fontsize`,`align`,`valign`,`on_overflow`) VALUES ('373','34','option','5','label_logo','yes','0','0','0','0','0','','','','0','','top','truncate');
INSERT INTO `reports_items` (`id`,`reports_id`,`type`,`ord`,`field`,`value`,`x`,`y`,`w`,`h`,`lines`,`face`,`fontname`,`fontstyle`,`fontsize`,`align`,`valign`,`on_overflow`) VALUES ('374','34','option','1','group_new_page','no','0','0','0','0','0','','','','0','','top','truncate');
INSERT INTO `reports_items` (`id`,`reports_id`,`type`,`ord`,`field`,`value`,`x`,`y`,`w`,`h`,`lines`,`face`,`fontname`,`fontstyle`,`fontsize`,`align`,`valign`,`on_overflow`) VALUES ('375','34','option','0','type','label','0','0','0','0','0','','','','0','','top','truncate');
INSERT INTO `reports_items` (`id`,`reports_id`,`type`,`ord`,`field`,`value`,`x`,`y`,`w`,`h`,`lines`,`face`,`fontname`,`fontstyle`,`fontsize`,`align`,`valign`,`on_overflow`) VALUES ('376','34','option','6','stock','5164','0','0','0','0','0','','','','0','','top','truncate');
INSERT INTO `reports_items` (`id`,`reports_id`,`type`,`ord`,`field`,`value`,`x`,`y`,`w`,`h`,`lines`,`face`,`fontname`,`fontstyle`,`fontsize`,`align`,`valign`,`on_overflow`) VALUES ('377','35','option','0','type','pdf','0','0','0','0','0','','','','0','','top','truncate');
INSERT INTO `reports_items` (`id`,`reports_id`,`type`,`ord`,`field`,`value`,`x`,`y`,`w`,`h`,`lines`,`face`,`fontname`,`fontstyle`,`fontsize`,`align`,`valign`,`on_overflow`) VALUES ('378','35','option','1','group_new_page','no','0','0','0','0','0','','','','0','','top','truncate');
INSERT INTO `reports_items` (`id`,`reports_id`,`type`,`ord`,`field`,`value`,`x`,`y`,`w`,`h`,`lines`,`face`,`fontname`,`fontstyle`,`fontsize`,`align`,`valign`,`on_overflow`) VALUES ('379','35','option','2','allow_multiline','yes','0','0','0','0','0','','','','0','','top','truncate');
INSERT INTO `reports_items` (`id`,`reports_id`,`type`,`ord`,`field`,`value`,`x`,`y`,`w`,`h`,`lines`,`face`,`fontname`,`fontstyle`,`fontsize`,`align`,`valign`,`on_overflow`) VALUES ('380','35','option','3','label_box','no','0','0','0','0','0','','','','0','','top','truncate');
INSERT INTO `reports_items` (`id`,`reports_id`,`type`,`ord`,`field`,`value`,`x`,`y`,`w`,`h`,`lines`,`face`,`fontname`,`fontstyle`,`fontsize`,`align`,`valign`,`on_overflow`) VALUES ('381','35','option','4','label_fairname','no','0','0','0','0','0','','','','0','','top','truncate');
INSERT INTO `reports_items` (`id`,`reports_id`,`type`,`ord`,`field`,`value`,`x`,`y`,`w`,`h`,`lines`,`face`,`fontname`,`fontstyle`,`fontsize`,`align`,`valign`,`on_overflow`) VALUES ('382','35','option','5','label_logo','no','0','0','0','0','0','','','','0','','top','truncate');
INSERT INTO `reports_items` (`id`,`reports_id`,`type`,`ord`,`field`,`value`,`x`,`y`,`w`,`h`,`lines`,`face`,`fontname`,`fontstyle`,`fontsize`,`align`,`valign`,`on_overflow`) VALUES ('383','35','option','6','stock','fullpage','0','0','0','0','0','','','','0','','top','truncate');
INSERT INTO `reports_items` (`id`,`reports_id`,`type`,`ord`,`field`,`value`,`x`,`y`,`w`,`h`,`lines`,`face`,`fontname`,`fontstyle`,`fontsize`,`align`,`valign`,`on_overflow`) VALUES ('384','35','col','0','school','','0','0','0','0','0','','','','0','','top','truncate');
INSERT INTO `reports_items` (`id`,`reports_id`,`type`,`ord`,`field`,`value`,`x`,`y`,`w`,`h`,`lines`,`face`,`fontname`,`fontstyle`,`fontsize`,`align`,`valign`,`on_overflow`) VALUES ('385','35','col','1','schooladdr','','0','0','0','0','0','','','','0','','top','truncate');
INSERT INTO `reports_items` (`id`,`reports_id`,`type`,`ord`,`field`,`value`,`x`,`y`,`w`,`h`,`lines`,`face`,`fontname`,`fontstyle`,`fontsize`,`align`,`valign`,`on_overflow`) VALUES ('386','35','col','2','school_principal','','0','0','0','0','0','','','','0','','top','truncate');
INSERT INTO `reports_items` (`id`,`reports_id`,`type`,`ord`,`field`,`value`,`x`,`y`,`w`,`h`,`lines`,`face`,`fontname`,`fontstyle`,`fontsize`,`align`,`valign`,`on_overflow`) VALUES ('387','35','col','3','school_phone','','0','0','0','0','0','','','','0','','top','truncate');
INSERT INTO `reports_items` (`id`,`reports_id`,`type`,`ord`,`field`,`value`,`x`,`y`,`w`,`h`,`lines`,`face`,`fontname`,`fontstyle`,`fontsize`,`align`,`valign`,`on_overflow`) VALUES ('388','35','sort','0','school','','0','0','0','0','0','','','','0','','top','truncate');
INSERT INTO `reports_items` (`id`,`reports_id`,`type`,`ord`,`field`,`value`,`x`,`y`,`w`,`h`,`lines`,`face`,`fontname`,`fontstyle`,`fontsize`,`align`,`valign`,`on_overflow`) VALUES ('389','36','option','0','type','pdf','0','0','0','0','0','','','','0','','top','truncate');
INSERT INTO `reports_items` (`id`,`reports_id`,`type`,`ord`,`field`,`value`,`x`,`y`,`w`,`h`,`lines`,`face`,`fontname`,`fontstyle`,`fontsize`,`align`,`valign`,`on_overflow`) VALUES ('390','36','option','1','group_new_page','no','0','0','0','0','0','','','','0','','top','truncate');
INSERT INTO `reports_items` (`id`,`reports_id`,`type`,`ord`,`field`,`value`,`x`,`y`,`w`,`h`,`lines`,`face`,`fontname`,`fontstyle`,`fontsize`,`align`,`valign`,`on_overflow`) VALUES ('391','36','option','2','allow_multiline','yes','0','0','0','0','0','','','','0','','top','truncate');
INSERT INTO `reports_items` (`id`,`reports_id`,`type`,`ord`,`field`,`value`,`x`,`y`,`w`,`h`,`lines`,`face`,`fontname`,`fontstyle`,`fontsize`,`align`,`valign`,`on_overflow`) VALUES ('392','36','option','3','label_box','no','0','0','0','0','0','','','','0','','top','truncate');
INSERT INTO `reports_items` (`id`,`reports_id`,`type`,`ord`,`field`,`value`,`x`,`y`,`w`,`h`,`lines`,`face`,`fontname`,`fontstyle`,`fontsize`,`align`,`valign`,`on_overflow`) VALUES ('393','36','option','4','label_fairname','no','0','0','0','0','0','','','','0','','top','truncate');
INSERT INTO `reports_items` (`id`,`reports_id`,`type`,`ord`,`field`,`value`,`x`,`y`,`w`,`h`,`lines`,`face`,`fontname`,`fontstyle`,`fontsize`,`align`,`valign`,`on_overflow`) VALUES ('394','36','option','5','label_logo','no','0','0','0','0','0','','','','0','','top','truncate');
INSERT INTO `reports_items` (`id`,`reports_id`,`type`,`ord`,`field`,`value`,`x`,`y`,`w`,`h`,`lines`,`face`,`fontname`,`fontstyle`,`fontsize`,`align`,`valign`,`on_overflow`) VALUES ('395','36','option','6','stock','fullpage','0','0','0','0','0','','','','0','','top','truncate');
INSERT INTO `reports_items` (`id`,`reports_id`,`type`,`ord`,`field`,`value`,`x`,`y`,`w`,`h`,`lines`,`face`,`fontname`,`fontstyle`,`fontsize`,`align`,`valign`,`on_overflow`) VALUES ('396','36','col','0','school','','0','0','0','0','0','','','','0','','top','truncate');
INSERT INTO `reports_items` (`id`,`reports_id`,`type`,`ord`,`field`,`value`,`x`,`y`,`w`,`h`,`lines`,`face`,`fontname`,`fontstyle`,`fontsize`,`align`,`valign`,`on_overflow`) VALUES ('397','36','col','1','school_city','','0','0','0','0','0','','','','0','','top','truncate');
INSERT INTO `reports_items` (`id`,`reports_id`,`type`,`ord`,`field`,`value`,`x`,`y`,`w`,`h`,`lines`,`face`,`fontname`,`fontstyle`,`fontsize`,`align`,`valign`,`on_overflow`) VALUES ('398','36','col','2','school_accesscode','','0','0','0','0','0','','','','0','','top','truncate');
INSERT INTO `reports_items` (`id`,`reports_id`,`type`,`ord`,`field`,`value`,`x`,`y`,`w`,`h`,`lines`,`face`,`fontname`,`fontstyle`,`fontsize`,`align`,`valign`,`on_overflow`) VALUES ('399','36','col','3','school_registration_password','','0','0','0','0','0','','','','0','','top','truncate');
INSERT INTO `reports_items` (`id`,`reports_id`,`type`,`ord`,`field`,`value`,`x`,`y`,`w`,`h`,`lines`,`face`,`fontname`,`fontstyle`,`fontsize`,`align`,`valign`,`on_overflow`) VALUES ('400','36','col','4','school_board','','0','0','0','0','0','','','','0','','top','truncate');
INSERT INTO `reports_items` (`id`,`reports_id`,`type`,`ord`,`field`,`value`,`x`,`y`,`w`,`h`,`lines`,`face`,`fontname`,`fontstyle`,`fontsize`,`align`,`valign`,`on_overflow`) VALUES ('401','36','sort','0','school','','0','0','0','0','0','','','','0','','top','truncate');
INSERT INTO `reports_items` (`id`,`reports_id`,`type`,`ord`,`field`,`value`,`x`,`y`,`w`,`h`,`lines`,`face`,`fontname`,`fontstyle`,`fontsize`,`align`,`valign`,`on_overflow`) VALUES ('402','37','option','0','type','csv','0','0','0','0','0','','','','0','','top','truncate');
INSERT INTO `reports_items` (`id`,`reports_id`,`type`,`ord`,`field`,`value`,`x`,`y`,`w`,`h`,`lines`,`face`,`fontname`,`fontstyle`,`fontsize`,`align`,`valign`,`on_overflow`) VALUES ('403','37','option','1','group_new_page','no','0','0','0','0','0','','','','0','','top','truncate');
INSERT INTO `reports_items` (`id`,`reports_id`,`type`,`ord`,`field`,`value`,`x`,`y`,`w`,`h`,`lines`,`face`,`fontname`,`fontstyle`,`fontsize`,`align`,`valign`,`on_overflow`) VALUES ('404','37','option','2','allow_multiline','no','0','0','0','0','0','','','','0','','top','truncate');
INSERT INTO `reports_items` (`id`,`reports_id`,`type`,`ord`,`field`,`value`,`x`,`y`,`w`,`h`,`lines`,`face`,`fontname`,`fontstyle`,`fontsize`,`align`,`valign`,`on_overflow`) VALUES ('405','37','option','3','label_box','no','0','0','0','0','0','','','','0','','top','truncate');
INSERT INTO `reports_items` (`id`,`reports_id`,`type`,`ord`,`field`,`value`,`x`,`y`,`w`,`h`,`lines`,`face`,`fontname`,`fontstyle`,`fontsize`,`align`,`valign`,`on_overflow`) VALUES ('406','37','option','4','label_fairname','no','0','0','0','0','0','','','','0','','top','truncate');
INSERT INTO `reports_items` (`id`,`reports_id`,`type`,`ord`,`field`,`value`,`x`,`y`,`w`,`h`,`lines`,`face`,`fontname`,`fontstyle`,`fontsize`,`align`,`valign`,`on_overflow`) VALUES ('407','37','option','5','label_logo','no','0','0','0','0','0','','','','0','','top','truncate');
INSERT INTO `reports_items` (`id`,`reports_id`,`type`,`ord`,`field`,`value`,`x`,`y`,`w`,`h`,`lines`,`face`,`fontname`,`fontstyle`,`fontsize`,`align`,`valign`,`on_overflow`) VALUES ('408','37','option','6','stock','fullpage','0','0','0','0','0','','','','0','','top','truncate');
INSERT INTO `reports_items` (`id`,`reports_id`,`type`,`ord`,`field`,`value`,`x`,`y`,`w`,`h`,`lines`,`face`,`fontname`,`fontstyle`,`fontsize`,`align`,`valign`,`on_overflow`) VALUES ('409','37','col','0','name','','0','0','0','0','0','','','','0','','top','truncate');
INSERT INTO `reports_items` (`id`,`reports_id`,`type`,`ord`,`field`,`value`,`x`,`y`,`w`,`h`,`lines`,`face`,`fontname`,`fontstyle`,`fontsize`,`align`,`valign`,`on_overflow`) VALUES ('410','37','col','1','sponsor_organization','','0','0','0','0','0','','','','0','','top','truncate');
INSERT INTO `reports_items` (`id`,`reports_id`,`type`,`ord`,`field`,`value`,`x`,`y`,`w`,`h`,`lines`,`face`,`fontname`,`fontstyle`,`fontsize`,`align`,`valign`,`on_overflow`) VALUES ('411','37','col','2','sponsor_phone','','0','0','0','0','0','','','','0','','top','truncate');
INSERT INTO `reports_items` (`id`,`reports_id`,`type`,`ord`,`field`,`value`,`x`,`y`,`w`,`h`,`lines`,`face`,`fontname`,`fontstyle`,`fontsize`,`align`,`valign`,`on_overflow`) VALUES ('412','37','col','3','sponsor_fax','','0','0','0','0','0','','','','0','','top','truncate');
INSERT INTO `reports_items` (`id`,`reports_id`,`type`,`ord`,`field`,`value`,`x`,`y`,`w`,`h`,`lines`,`face`,`fontname`,`fontstyle`,`fontsize`,`align`,`valign`,`on_overflow`) VALUES ('413','37','col','4','sponsor_address','','0','0','0','0','0','','','','0','','top','truncate');
INSERT INTO `reports_items` (`id`,`reports_id`,`type`,`ord`,`field`,`value`,`x`,`y`,`w`,`h`,`lines`,`face`,`fontname`,`fontstyle`,`fontsize`,`align`,`valign`,`on_overflow`) VALUES ('414','37','col','5','sponsor_city','','0','0','0','0','0','','','','0','','top','truncate');
INSERT INTO `reports_items` (`id`,`reports_id`,`type`,`ord`,`field`,`value`,`x`,`y`,`w`,`h`,`lines`,`face`,`fontname`,`fontstyle`,`fontsize`,`align`,`valign`,`on_overflow`) VALUES ('415','37','col','6','sponsor_province','','0','0','0','0','0','','','','0','','top','truncate');
INSERT INTO `reports_items` (`id`,`reports_id`,`type`,`ord`,`field`,`value`,`x`,`y`,`w`,`h`,`lines`,`face`,`fontname`,`fontstyle`,`fontsize`,`align`,`valign`,`on_overflow`) VALUES ('416','37','col','7','sponsor_postal','','0','0','0','0','0','','','','0','','top','truncate');
INSERT INTO `reports_items` (`id`,`reports_id`,`type`,`ord`,`field`,`value`,`x`,`y`,`w`,`h`,`lines`,`face`,`fontname`,`fontstyle`,`fontsize`,`align`,`valign`,`on_overflow`) VALUES ('417','37','col','8','sponsor_notes','','0','0','0','0','0','','','','0','','top','truncate');
INSERT INTO `reports_items` (`id`,`reports_id`,`type`,`ord`,`field`,`value`,`x`,`y`,`w`,`h`,`lines`,`face`,`fontname`,`fontstyle`,`fontsize`,`align`,`valign`,`on_overflow`) VALUES ('419','37','col','10','pcontact_salutation','','0','0','0','0','0','','','','0','','top','truncate');
INSERT INTO `reports_items` (`id`,`reports_id`,`type`,`ord`,`field`,`value`,`x`,`y`,`w`,`h`,`lines`,`face`,`fontname`,`fontstyle`,`fontsize`,`align`,`valign`,`on_overflow`) VALUES ('420','37','col','11','pcontact_namefl','','0','0','0','0','0','','','','0','','top','truncate');
INSERT INTO `reports_items` (`id`,`reports_id`,`type`,`ord`,`field`,`value`,`x`,`y`,`w`,`h`,`lines`,`face`,`fontname`,`fontstyle`,`fontsize`,`align`,`valign`,`on_overflow`) VALUES ('421','37','col','12','pcontact_position','','0','0','0','0','0','','','','0','','top','truncate');
INSERT INTO `reports_items` (`id`,`reports_id`,`type`,`ord`,`field`,`value`,`x`,`y`,`w`,`h`,`lines`,`face`,`fontname`,`fontstyle`,`fontsize`,`align`,`valign`,`on_overflow`) VALUES ('422','37','col','13','pcontact_email','','0','0','0','0','0','','','','0','','top','truncate');
INSERT INTO `reports_items` (`id`,`reports_id`,`type`,`ord`,`field`,`value`,`x`,`y`,`w`,`h`,`lines`,`face`,`fontname`,`fontstyle`,`fontsize`,`align`,`valign`,`on_overflow`) VALUES ('423','37','col','14','pcontact_hphone','','0','0','0','0','0','','','','0','','top','truncate');
INSERT INTO `reports_items` (`id`,`reports_id`,`type`,`ord`,`field`,`value`,`x`,`y`,`w`,`h`,`lines`,`face`,`fontname`,`fontstyle`,`fontsize`,`align`,`valign`,`on_overflow`) VALUES ('424','37','col','15','pcontact_wphone','','0','0','0','0','0','','','','0','','top','truncate');
INSERT INTO `reports_items` (`id`,`reports_id`,`type`,`ord`,`field`,`value`,`x`,`y`,`w`,`h`,`lines`,`face`,`fontname`,`fontstyle`,`fontsize`,`align`,`valign`,`on_overflow`) VALUES ('425','37','col','16','pcontact_cphone','','0','0','0','0','0','','','','0','','top','truncate');
INSERT INTO `reports_items` (`id`,`reports_id`,`type`,`ord`,`field`,`value`,`x`,`y`,`w`,`h`,`lines`,`face`,`fontname`,`fontstyle`,`fontsize`,`align`,`valign`,`on_overflow`) VALUES ('426','37','col','17','pcontact_fax','','0','0','0','0','0','','','','0','','top','truncate');
INSERT INTO `reports_items` (`id`,`reports_id`,`type`,`ord`,`field`,`value`,`x`,`y`,`w`,`h`,`lines`,`face`,`fontname`,`fontstyle`,`fontsize`,`align`,`valign`,`on_overflow`) VALUES ('427','37','col','18','pcontact_notes','','0','0','0','0','0','','','','0','','top','truncate');
INSERT INTO `reports_items` (`id`,`reports_id`,`type`,`ord`,`field`,`value`,`x`,`y`,`w`,`h`,`lines`,`face`,`fontname`,`fontstyle`,`fontsize`,`align`,`valign`,`on_overflow`) VALUES ('428','37','sort','0','name','','0','0','0','0','0','','','','0','','top','truncate');
INSERT INTO `reports_items` (`id`,`reports_id`,`type`,`ord`,`field`,`value`,`x`,`y`,`w`,`h`,`lines`,`face`,`fontname`,`fontstyle`,`fontsize`,`align`,`valign`,`on_overflow`) VALUES ('429','38','option','0','type','csv','0','0','0','0','0','','','','0','','top','truncate');
INSERT INTO `reports_items` (`id`,`reports_id`,`type`,`ord`,`field`,`value`,`x`,`y`,`w`,`h`,`lines`,`face`,`fontname`,`fontstyle`,`fontsize`,`align`,`valign`,`on_overflow`) VALUES ('430','38','option','1','group_new_page','no','0','0','0','0','0','','','','0','','top','truncate');
INSERT INTO `reports_items` (`id`,`reports_id`,`type`,`ord`,`field`,`value`,`x`,`y`,`w`,`h`,`lines`,`face`,`fontname`,`fontstyle`,`fontsize`,`align`,`valign`,`on_overflow`) VALUES ('431','38','option','2','allow_multiline','no','0','0','0','0','0','','','','0','','top','truncate');
INSERT INTO `reports_items` (`id`,`reports_id`,`type`,`ord`,`field`,`value`,`x`,`y`,`w`,`h`,`lines`,`face`,`fontname`,`fontstyle`,`fontsize`,`align`,`valign`,`on_overflow`) VALUES ('432','38','option','3','label_box','no','0','0','0','0','0','','','','0','','top','truncate');
INSERT INTO `reports_items` (`id`,`reports_id`,`type`,`ord`,`field`,`value`,`x`,`y`,`w`,`h`,`lines`,`face`,`fontname`,`fontstyle`,`fontsize`,`align`,`valign`,`on_overflow`) VALUES ('433','38','option','4','label_fairname','no','0','0','0','0','0','','','','0','','top','truncate');
INSERT INTO `reports_items` (`id`,`reports_id`,`type`,`ord`,`field`,`value`,`x`,`y`,`w`,`h`,`lines`,`face`,`fontname`,`fontstyle`,`fontsize`,`align`,`valign`,`on_overflow`) VALUES ('434','38','option','5','label_logo','no','0','0','0','0','0','','','','0','','top','truncate');
INSERT INTO `reports_items` (`id`,`reports_id`,`type`,`ord`,`field`,`value`,`x`,`y`,`w`,`h`,`lines`,`face`,`fontname`,`fontstyle`,`fontsize`,`align`,`valign`,`on_overflow`) VALUES ('435','38','option','6','stock','fullpage','0','0','0','0','0','','','','0','','top','truncate');
INSERT INTO `reports_items` (`id`,`reports_id`,`type`,`ord`,`field`,`value`,`x`,`y`,`w`,`h`,`lines`,`face`,`fontname`,`fontstyle`,`fontsize`,`align`,`valign`,`on_overflow`) VALUES ('436','38','col','0','tour_num','','0','0','0','0','0','','','','0','','top','truncate');
INSERT INTO `reports_items` (`id`,`reports_id`,`type`,`ord`,`field`,`value`,`x`,`y`,`w`,`h`,`lines`,`face`,`fontname`,`fontstyle`,`fontsize`,`align`,`valign`,`on_overflow`) VALUES ('437','38','col','1','tour_name','','0','0','0','0','0','','','','0','','top','truncate');
INSERT INTO `reports_items` (`id`,`reports_id`,`type`,`ord`,`field`,`value`,`x`,`y`,`w`,`h`,`lines`,`face`,`fontname`,`fontstyle`,`fontsize`,`align`,`valign`,`on_overflow`) VALUES ('438','38','col','2','tour_capacity','','0','0','0','0','0','','','','0','','top','truncate');
INSERT INTO `reports_items` (`id`,`reports_id`,`type`,`ord`,`field`,`value`,`x`,`y`,`w`,`h`,`lines`,`face`,`fontname`,`fontstyle`,`fontsize`,`align`,`valign`,`on_overflow`) VALUES ('439','38','col','3','tour_mingrade','','0','0','0','0','0','','','','0','','top','truncate');
INSERT INTO `reports_items` (`id`,`reports_id`,`type`,`ord`,`field`,`value`,`x`,`y`,`w`,`h`,`lines`,`face`,`fontname`,`fontstyle`,`fontsize`,`align`,`valign`,`on_overflow`) VALUES ('440','38','col','4','tour_maxgrade','','0','0','0','0','0','','','','0','','top','truncate');
INSERT INTO `reports_items` (`id`,`reports_id`,`type`,`ord`,`field`,`value`,`x`,`y`,`w`,`h`,`lines`,`face`,`fontname`,`fontstyle`,`fontsize`,`align`,`valign`,`on_overflow`) VALUES ('441','38','col','5','tour_desc','','0','0','0','0','0','','','','0','','top','truncate');
INSERT INTO `reports_items` (`id`,`reports_id`,`type`,`ord`,`field`,`value`,`x`,`y`,`w`,`h`,`lines`,`face`,`fontname`,`fontstyle`,`fontsize`,`align`,`valign`,`on_overflow`) VALUES ('442','38','col','6','tour_location','','0','0','0','0','0','','','','0','','top','truncate');
INSERT INTO `reports_items` (`id`,`reports_id`,`type`,`ord`,`field`,`value`,`x`,`y`,`w`,`h`,`lines`,`face`,`fontname`,`fontstyle`,`fontsize`,`align`,`valign`,`on_overflow`) VALUES ('443','38','col','7','tour_contact','','0','0','0','0','0','','','','0','','top','truncate');
INSERT INTO `reports_items` (`id`,`reports_id`,`type`,`ord`,`field`,`value`,`x`,`y`,`w`,`h`,`lines`,`face`,`fontname`,`fontstyle`,`fontsize`,`align`,`valign`,`on_overflow`) VALUES ('444','38','sort','0','tour_name','','0','0','0','0','0','','','','0','','top','truncate');
INSERT INTO `reports_items` (`id`,`reports_id`,`type`,`ord`,`field`,`value`,`x`,`y`,`w`,`h`,`lines`,`face`,`fontname`,`fontstyle`,`fontsize`,`align`,`valign`,`on_overflow`) VALUES ('445','39','option','0','type','pdf','0','0','0','0','0','','','','0','','top','truncate');
INSERT INTO `reports_items` (`id`,`reports_id`,`type`,`ord`,`field`,`value`,`x`,`y`,`w`,`h`,`lines`,`face`,`fontname`,`fontstyle`,`fontsize`,`align`,`valign`,`on_overflow`) VALUES ('446','39','option','1','group_new_page','no','0','0','0','0','0','','','','0','','top','truncate');
INSERT INTO `reports_items` (`id`,`reports_id`,`type`,`ord`,`field`,`value`,`x`,`y`,`w`,`h`,`lines`,`face`,`fontname`,`fontstyle`,`fontsize`,`align`,`valign`,`on_overflow`) VALUES ('447','39','option','2','allow_multiline','yes','0','0','0','0','0','','','','0','','top','truncate');
INSERT INTO `reports_items` (`id`,`reports_id`,`type`,`ord`,`field`,`value`,`x`,`y`,`w`,`h`,`lines`,`face`,`fontname`,`fontstyle`,`fontsize`,`align`,`valign`,`on_overflow`) VALUES ('448','39','option','3','label_box','no','0','0','0','0','0','','','','0','','top','truncate');
INSERT INTO `reports_items` (`id`,`reports_id`,`type`,`ord`,`field`,`value`,`x`,`y`,`w`,`h`,`lines`,`face`,`fontname`,`fontstyle`,`fontsize`,`align`,`valign`,`on_overflow`) VALUES ('449','39','option','4','label_fairname','no','0','0','0','0','0','','','','0','','top','truncate');
INSERT INTO `reports_items` (`id`,`reports_id`,`type`,`ord`,`field`,`value`,`x`,`y`,`w`,`h`,`lines`,`face`,`fontname`,`fontstyle`,`fontsize`,`align`,`valign`,`on_overflow`) VALUES ('450','39','option','5','label_logo','no','0','0','0','0','0','','','','0','','top','truncate');
INSERT INTO `reports_items` (`id`,`reports_id`,`type`,`ord`,`field`,`value`,`x`,`y`,`w`,`h`,`lines`,`face`,`fontname`,`fontstyle`,`fontsize`,`align`,`valign`,`on_overflow`) VALUES ('451','39','option','6','stock','fullpage','0','0','0','0','0','','','','0','','top','truncate');
INSERT INTO `reports_items` (`id`,`reports_id`,`type`,`ord`,`field`,`value`,`x`,`y`,`w`,`h`,`lines`,`face`,`fontname`,`fontstyle`,`fontsize`,`align`,`valign`,`on_overflow`) VALUES ('452','39','col','0','tour_num','','0','0','0','0','0','','','','0','','top','truncate');
INSERT INTO `reports_items` (`id`,`reports_id`,`type`,`ord`,`field`,`value`,`x`,`y`,`w`,`h`,`lines`,`face`,`fontname`,`fontstyle`,`fontsize`,`align`,`valign`,`on_overflow`) VALUES ('453','39','col','1','tour_name','','0','0','0','0','0','','','','0','','top','truncate');
INSERT INTO `reports_items` (`id`,`reports_id`,`type`,`ord`,`field`,`value`,`x`,`y`,`w`,`h`,`lines`,`face`,`fontname`,`fontstyle`,`fontsize`,`align`,`valign`,`on_overflow`) VALUES ('454','39','sort','0','tour_id','','0','0','0','0','0','','','','0','','top','truncate');
INSERT INTO `reports_items` (`id`,`reports_id`,`type`,`ord`,`field`,`value`,`x`,`y`,`w`,`h`,`lines`,`face`,`fontname`,`fontstyle`,`fontsize`,`align`,`valign`,`on_overflow`) VALUES ('455','40','option','0','type','pdf','0','0','0','0','0','','','','0','','top','truncate');
INSERT INTO `reports_items` (`id`,`reports_id`,`type`,`ord`,`field`,`value`,`x`,`y`,`w`,`h`,`lines`,`face`,`fontname`,`fontstyle`,`fontsize`,`align`,`valign`,`on_overflow`) VALUES ('456','40','option','1','group_new_page','yes','0','0','0','0','0','','','','0','','top','truncate');
INSERT INTO `reports_items` (`id`,`reports_id`,`type`,`ord`,`field`,`value`,`x`,`y`,`w`,`h`,`lines`,`face`,`fontname`,`fontstyle`,`fontsize`,`align`,`valign`,`on_overflow`) VALUES ('457','40','option','2','allow_multiline','yes','0','0','0','0','0','','','','0','','top','truncate');
INSERT INTO `reports_items` (`id`,`reports_id`,`type`,`ord`,`field`,`value`,`x`,`y`,`w`,`h`,`lines`,`face`,`fontname`,`fontstyle`,`fontsize`,`align`,`valign`,`on_overflow`) VALUES ('458','40','option','3','label_box','no','0','0','0','0','0','','','','0','','top','truncate');
INSERT INTO `reports_items` (`id`,`reports_id`,`type`,`ord`,`field`,`value`,`x`,`y`,`w`,`h`,`lines`,`face`,`fontname`,`fontstyle`,`fontsize`,`align`,`valign`,`on_overflow`) VALUES ('459','40','option','4','label_fairname','no','0','0','0','0','0','','','','0','','top','truncate');
INSERT INTO `reports_items` (`id`,`reports_id`,`type`,`ord`,`field`,`value`,`x`,`y`,`w`,`h`,`lines`,`face`,`fontname`,`fontstyle`,`fontsize`,`align`,`valign`,`on_overflow`) VALUES ('460','40','option','5','label_logo','no','0','0','0','0','0','','','','0','','top','truncate');
INSERT INTO `reports_items` (`id`,`reports_id`,`type`,`ord`,`field`,`value`,`x`,`y`,`w`,`h`,`lines`,`face`,`fontname`,`fontstyle`,`fontsize`,`align`,`valign`,`on_overflow`) VALUES ('461','40','option','6','stock','fullpage','0','0','0','0','0','','','','0','','top','truncate');
INSERT INTO `reports_items` (`id`,`reports_id`,`type`,`ord`,`field`,`value`,`x`,`y`,`w`,`h`,`lines`,`face`,`fontname`,`fontstyle`,`fontsize`,`align`,`valign`,`on_overflow`) VALUES ('462','40','col','0','pn','','0','0','0','0','0','','','','0','','top','truncate');
INSERT INTO `reports_items` (`id`,`reports_id`,`type`,`ord`,`field`,`value`,`x`,`y`,`w`,`h`,`lines`,`face`,`fontname`,`fontstyle`,`fontsize`,`align`,`valign`,`on_overflow`) VALUES ('463','40','col','1','namefl','','0','0','0','0','0','','','','0','','top','truncate');
INSERT INTO `reports_items` (`id`,`reports_id`,`type`,`ord`,`field`,`value`,`x`,`y`,`w`,`h`,`lines`,`face`,`fontname`,`fontstyle`,`fontsize`,`align`,`valign`,`on_overflow`) VALUES ('464','40','col','2','emerg_name','','0','0','0','0','0','','','','0','','top','truncate');
INSERT INTO `reports_items` (`id`,`reports_id`,`type`,`ord`,`field`,`value`,`x`,`y`,`w`,`h`,`lines`,`face`,`fontname`,`fontstyle`,`fontsize`,`align`,`valign`,`on_overflow`) VALUES ('465','40','col','3','emerg_relation','','0','0','0','0','0','','','','0','','top','truncate');
INSERT INTO `reports_items` (`id`,`reports_id`,`type`,`ord`,`field`,`value`,`x`,`y`,`w`,`h`,`lines`,`face`,`fontname`,`fontstyle`,`fontsize`,`align`,`valign`,`on_overflow`) VALUES ('466','40','col','4','emerg_phone','','0','0','0','0','0','','','','0','','top','truncate');
INSERT INTO `reports_items` (`id`,`reports_id`,`type`,`ord`,`field`,`value`,`x`,`y`,`w`,`h`,`lines`,`face`,`fontname`,`fontstyle`,`fontsize`,`align`,`valign`,`on_overflow`) VALUES ('467','40','group','0','tour_assign_numname','','0','0','0','0','0','','','','0','','top','truncate');
INSERT INTO `reports_items` (`id`,`reports_id`,`type`,`ord`,`field`,`value`,`x`,`y`,`w`,`h`,`lines`,`face`,`fontname`,`fontstyle`,`fontsize`,`align`,`valign`,`on_overflow`) VALUES ('468','40','sort','0','last_name','','0','0','0','0','0','','','','0','','top','truncate');
INSERT INTO `reports_items` (`id`,`reports_id`,`type`,`ord`,`field`,`value`,`x`,`y`,`w`,`h`,`lines`,`face`,`fontname`,`fontstyle`,`fontsize`,`align`,`valign`,`on_overflow`) VALUES ('469','41','option','0','type','pdf','0','0','0','0','0','','','','0','','top','truncate');
INSERT INTO `reports_items` (`id`,`reports_id`,`type`,`ord`,`field`,`value`,`x`,`y`,`w`,`h`,`lines`,`face`,`fontname`,`fontstyle`,`fontsize`,`align`,`valign`,`on_overflow`) VALUES ('470','41','option','1','group_new_page','no','0','0','0','0','0','','','','0','','top','truncate');
INSERT INTO `reports_items` (`id`,`reports_id`,`type`,`ord`,`field`,`value`,`x`,`y`,`w`,`h`,`lines`,`face`,`fontname`,`fontstyle`,`fontsize`,`align`,`valign`,`on_overflow`) VALUES ('471','41','option','2','allow_multiline','no','0','0','0','0','0','','','','0','','top','truncate');
INSERT INTO `reports_items` (`id`,`reports_id`,`type`,`ord`,`field`,`value`,`x`,`y`,`w`,`h`,`lines`,`face`,`fontname`,`fontstyle`,`fontsize`,`align`,`valign`,`on_overflow`) VALUES ('472','41','option','3','label_box','no','0','0','0','0','0','','','','0','','top','truncate');
INSERT INTO `reports_items` (`id`,`reports_id`,`type`,`ord`,`field`,`value`,`x`,`y`,`w`,`h`,`lines`,`face`,`fontname`,`fontstyle`,`fontsize`,`align`,`valign`,`on_overflow`) VALUES ('473','41','option','4','label_fairname','no','0','0','0','0','0','','','','0','','top','truncate');
INSERT INTO `reports_items` (`id`,`reports_id`,`type`,`ord`,`field`,`value`,`x`,`y`,`w`,`h`,`lines`,`face`,`fontname`,`fontstyle`,`fontsize`,`align`,`valign`,`on_overflow`) VALUES ('474','41','option','5','label_logo','no','0','0','0','0','0','','','','0','','top','truncate');
INSERT INTO `reports_items` (`id`,`reports_id`,`type`,`ord`,`field`,`value`,`x`,`y`,`w`,`h`,`lines`,`face`,`fontname`,`fontstyle`,`fontsize`,`align`,`valign`,`on_overflow`) VALUES ('475','41','option','6','stock','fullpage','0','0','0','0','0','','','','0','','top','truncate');
INSERT INTO `reports_items` (`id`,`reports_id`,`type`,`ord`,`field`,`value`,`x`,`y`,`w`,`h`,`lines`,`face`,`fontname`,`fontstyle`,`fontsize`,`align`,`valign`,`on_overflow`) VALUES ('476','41','col','0','pn','','0','0','0','0','0','','','','0','','top','truncate');
INSERT INTO `reports_items` (`id`,`reports_id`,`type`,`ord`,`field`,`value`,`x`,`y`,`w`,`h`,`lines`,`face`,`fontname`,`fontstyle`,`fontsize`,`align`,`valign`,`on_overflow`) VALUES ('477','41','col','1','namefl','','0','0','0','0','0','','','','0','','top','truncate');
INSERT INTO `reports_items` (`id`,`reports_id`,`type`,`ord`,`field`,`value`,`x`,`y`,`w`,`h`,`lines`,`face`,`fontname`,`fontstyle`,`fontsize`,`align`,`valign`,`on_overflow`) VALUES ('478','41','col','2','tour_assign_numname','','0','0','0','0','0','','','','0','','top','truncate');
INSERT INTO `reports_items` (`id`,`reports_id`,`type`,`ord`,`field`,`value`,`x`,`y`,`w`,`h`,`lines`,`face`,`fontname`,`fontstyle`,`fontsize`,`align`,`valign`,`on_overflow`) VALUES ('479','41','group','0','category','','0','0','0','0','0','','','','0','','top','truncate');
INSERT INTO `reports_items` (`id`,`reports_id`,`type`,`ord`,`field`,`value`,`x`,`y`,`w`,`h`,`lines`,`face`,`fontname`,`fontstyle`,`fontsize`,`align`,`valign`,`on_overflow`) VALUES ('480','41','sort','0','pn','','0','0','0','0','0','','','','0','','top','truncate');
INSERT INTO `reports_items` (`id`,`reports_id`,`type`,`ord`,`field`,`value`,`x`,`y`,`w`,`h`,`lines`,`face`,`fontname`,`fontstyle`,`fontsize`,`align`,`valign`,`on_overflow`) VALUES ('481','19','distinct','0','pn','','0','0','0','0','0','','','','0','','top','truncate');
INSERT INTO `reports_items` (`id`,`reports_id`,`type`,`ord`,`field`,`value`,`x`,`y`,`w`,`h`,`lines`,`face`,`fontname`,`fontstyle`,`fontsize`,`align`,`valign`,`on_overflow`) VALUES ('482','42','option','0','type','csv','0','0','0','0','0','','','','0','','top','truncate');
INSERT INTO `reports_items` (`id`,`reports_id`,`type`,`ord`,`field`,`value`,`x`,`y`,`w`,`h`,`lines`,`face`,`fontname`,`fontstyle`,`fontsize`,`align`,`valign`,`on_overflow`) VALUES ('483','42','option','1','group_new_page','no','0','0','0','0','0','','','','0','','top','truncate');
INSERT INTO `reports_items` (`id`,`reports_id`,`type`,`ord`,`field`,`value`,`x`,`y`,`w`,`h`,`lines`,`face`,`fontname`,`fontstyle`,`fontsize`,`align`,`valign`,`on_overflow`) VALUES ('484','42','option','2','allow_multiline','no','0','0','0','0','0','','','','0','','top','truncate');
INSERT INTO `reports_items` (`id`,`reports_id`,`type`,`ord`,`field`,`value`,`x`,`y`,`w`,`h`,`lines`,`face`,`fontname`,`fontstyle`,`fontsize`,`align`,`valign`,`on_overflow`) VALUES ('485','42','option','3','label_box','no','0','0','0','0','0','','','','0','','top','truncate');
INSERT INTO `reports_items` (`id`,`reports_id`,`type`,`ord`,`field`,`value`,`x`,`y`,`w`,`h`,`lines`,`face`,`fontname`,`fontstyle`,`fontsize`,`align`,`valign`,`on_overflow`) VALUES ('486','42','option','4','label_fairname','no','0','0','0','0','0','','','','0','','top','truncate');
INSERT INTO `reports_items` (`id`,`reports_id`,`type`,`ord`,`field`,`value`,`x`,`y`,`w`,`h`,`lines`,`face`,`fontname`,`fontstyle`,`fontsize`,`align`,`valign`,`on_overflow`) VALUES ('487','42','option','5','label_logo','no','0','0','0','0','0','','','','0','','top','truncate');
INSERT INTO `reports_items` (`id`,`reports_id`,`type`,`ord`,`field`,`value`,`x`,`y`,`w`,`h`,`lines`,`face`,`fontname`,`fontstyle`,`fontsize`,`align`,`valign`,`on_overflow`) VALUES ('488','42','option','6','stock','fullpage','0','0','0','0','0','','','','0','','top','truncate');
INSERT INTO `reports_items` (`id`,`reports_id`,`type`,`ord`,`field`,`value`,`x`,`y`,`w`,`h`,`lines`,`face`,`fontname`,`fontstyle`,`fontsize`,`align`,`valign`,`on_overflow`) VALUES ('489','42','col','0','division','','0','0','0','0','1','','','','0','','top','truncate');
INSERT INTO `reports_items` (`id`,`reports_id`,`type`,`ord`,`field`,`value`,`x`,`y`,`w`,`h`,`lines`,`face`,`fontname`,`fontstyle`,`fontsize`,`align`,`valign`,`on_overflow`) VALUES ('490','42','col','1','fr_division','','0','0','0','0','1','','','','0','','top','truncate');
INSERT INTO `reports_items` (`id`,`reports_id`,`type`,`ord`,`field`,`value`,`x`,`y`,`w`,`h`,`lines`,`face`,`fontname`,`fontstyle`,`fontsize`,`align`,`valign`,`on_overflow`) VALUES ('491','42','col','2','category','','0','0','0','0','1','','','','0','','top','truncate');
INSERT INTO `reports_items` (`id`,`reports_id`,`type`,`ord`,`field`,`value`,`x`,`y`,`w`,`h`,`lines`,`face`,`fontname`,`fontstyle`,`fontsize`,`align`,`valign`,`on_overflow`) VALUES ('492','42','col','3','fr_category','','0','0','0','0','1','','','','0','','top','truncate');
INSERT INTO `reports_items` (`id`,`reports_id`,`type`,`ord`,`field`,`value`,`x`,`y`,`w`,`h`,`lines`,`face`,`fontname`,`fontstyle`,`fontsize`,`align`,`valign`,`on_overflow`) VALUES ('493','42','col','4','award_name','','0','0','0','0','1','','','','0','','top','truncate');
INSERT INTO `reports_items` (`id`,`reports_id`,`type`,`ord`,`field`,`value`,`x`,`y`,`w`,`h`,`lines`,`face`,`fontname`,`fontstyle`,`fontsize`,`align`,`valign`,`on_overflow`) VALUES ('494','42','col','5','award_prize_name','','0','0','0','0','1','','','','0','','top','truncate');
INSERT INTO `reports_items` (`id`,`reports_id`,`type`,`ord`,`field`,`value`,`x`,`y`,`w`,`h`,`lines`,`face`,`fontname`,`fontstyle`,`fontsize`,`align`,`valign`,`on_overflow`) VALUES ('495','42','col','6','award_prize_cash','','0','0','0','0','1','','','','0','','top','truncate');
INSERT INTO `reports_items` (`id`,`reports_id`,`type`,`ord`,`field`,`value`,`x`,`y`,`w`,`h`,`lines`,`face`,`fontname`,`fontstyle`,`fontsize`,`align`,`valign`,`on_overflow`) VALUES ('496','42','col','7','award_prize_scholarship','','0','0','0','0','1','','','','0','','top','truncate');
INSERT INTO `reports_items` (`id`,`reports_id`,`type`,`ord`,`field`,`value`,`x`,`y`,`w`,`h`,`lines`,`face`,`fontname`,`fontstyle`,`fontsize`,`align`,`valign`,`on_overflow`) VALUES ('497','42','col','8','award_prize_value','','0','0','0','0','1','','','','0','','top','truncate');
INSERT INTO `reports_items` (`id`,`reports_id`,`type`,`ord`,`field`,`value`,`x`,`y`,`w`,`h`,`lines`,`face`,`fontname`,`fontstyle`,`fontsize`,`align`,`valign`,`on_overflow`) VALUES ('498','42','col','9','pn','','0','0','0','0','1','','','','0','','top','truncate');
INSERT INTO `reports_items` (`id`,`reports_id`,`type`,`ord`,`field`,`value`,`x`,`y`,`w`,`h`,`lines`,`face`,`fontname`,`fontstyle`,`fontsize`,`align`,`valign`,`on_overflow`) VALUES ('499','42','col','10','title','','0','0','0','0','1','','','','0','','top','truncate');
INSERT INTO `reports_items` (`id`,`reports_id`,`type`,`ord`,`field`,`value`,`x`,`y`,`w`,`h`,`lines`,`face`,`fontname`,`fontstyle`,`fontsize`,`align`,`valign`,`on_overflow`) VALUES ('500','42','col','11','namefl','','0','0','0','0','1','','','','0','','top','truncate');
INSERT INTO `reports_items` (`id`,`reports_id`,`type`,`ord`,`field`,`value`,`x`,`y`,`w`,`h`,`lines`,`face`,`fontname`,`fontstyle`,`fontsize`,`align`,`valign`,`on_overflow`) VALUES ('501','42','col','12','partnerfl','','0','0','0','0','1','','','','0','','top','truncate');
INSERT INTO `reports_items` (`id`,`reports_id`,`type`,`ord`,`field`,`value`,`x`,`y`,`w`,`h`,`lines`,`face`,`fontname`,`fontstyle`,`fontsize`,`align`,`valign`,`on_overflow`) VALUES ('502','42','col','13','school','','0','0','0','0','1','','','','0','','top','truncate');
INSERT INTO `reports_items` (`id`,`reports_id`,`type`,`ord`,`field`,`value`,`x`,`y`,`w`,`h`,`lines`,`face`,`fontname`,`fontstyle`,`fontsize`,`align`,`valign`,`on_overflow`) VALUES ('503','42','col','14','school_city','','0','0','0','0','1','','','','0','','top','truncate');
INSERT INTO `reports_items` (`id`,`reports_id`,`type`,`ord`,`field`,`value`,`x`,`y`,`w`,`h`,`lines`,`face`,`fontname`,`fontstyle`,`fontsize`,`align`,`valign`,`on_overflow`) VALUES ('504','42','col','15','school_province','','0','0','0','0','1','','','','0','','top','truncate');
INSERT INTO `reports_items` (`id`,`reports_id`,`type`,`ord`,`field`,`value`,`x`,`y`,`w`,`h`,`lines`,`face`,`fontname`,`fontstyle`,`fontsize`,`align`,`valign`,`on_overflow`) VALUES ('505','42','col','16','school_board','','0','0','0','0','1','','','','0','','top','truncate');
INSERT INTO `reports_items` (`id`,`reports_id`,`type`,`ord`,`field`,`value`,`x`,`y`,`w`,`h`,`lines`,`face`,`fontname`,`fontstyle`,`fontsize`,`align`,`valign`,`on_overflow`) VALUES ('506','42','col','17','school_postal','','0','0','0','0','1','','','','0','','top','truncate');
INSERT INTO `reports_items` (`id`,`reports_id`,`type`,`ord`,`field`,`value`,`x`,`y`,`w`,`h`,`lines`,`face`,`fontname`,`fontstyle`,`fontsize`,`align`,`valign`,`on_overflow`) VALUES ('507','42','sort','0','order','','0','0','0','0','1','','','','0','','top','truncate');
INSERT INTO `reports_items` (`id`,`reports_id`,`type`,`ord`,`field`,`value`,`x`,`y`,`w`,`h`,`lines`,`face`,`fontname`,`fontstyle`,`fontsize`,`align`,`valign`,`on_overflow`) VALUES ('508','42','distinct','0','pn','','0','0','0','0','1','','','','0','','top','truncate');
INSERT INTO `reports_items` (`id`,`reports_id`,`type`,`ord`,`field`,`value`,`x`,`y`,`w`,`h`,`lines`,`face`,`fontname`,`fontstyle`,`fontsize`,`align`,`valign`,`on_overflow`) VALUES ('509','42','filter','0','award_excludefromac','no','0','0','0','0','1','','','','0','','top','truncate');
INSERT INTO `reports_items` (`id`,`reports_id`,`type`,`ord`,`field`,`value`,`x`,`y`,`w`,`h`,`lines`,`face`,`fontname`,`fontstyle`,`fontsize`,`align`,`valign`,`on_overflow`) VALUES ('510','43','option','0','type','pdf','0','0','0','0','0','','','','0','','top','truncate');
INSERT INTO `reports_items` (`id`,`reports_id`,`type`,`ord`,`field`,`value`,`x`,`y`,`w`,`h`,`lines`,`face`,`fontname`,`fontstyle`,`fontsize`,`align`,`valign`,`on_overflow`) VALUES ('511','43','option','1','group_new_page','no','0','0','0','0','0','','','','0','','top','truncate');
INSERT INTO `reports_items` (`id`,`reports_id`,`type`,`ord`,`field`,`value`,`x`,`y`,`w`,`h`,`lines`,`face`,`fontname`,`fontstyle`,`fontsize`,`align`,`valign`,`on_overflow`) VALUES ('512','43','option','2','allow_multiline','no','0','0','0','0','0','','','','0','','top','truncate');
INSERT INTO `reports_items` (`id`,`reports_id`,`type`,`ord`,`field`,`value`,`x`,`y`,`w`,`h`,`lines`,`face`,`fontname`,`fontstyle`,`fontsize`,`align`,`valign`,`on_overflow`) VALUES ('513','43','option','3','label_box','no','0','0','0','0','0','','','','0','','top','truncate');
INSERT INTO `reports_items` (`id`,`reports_id`,`type`,`ord`,`field`,`value`,`x`,`y`,`w`,`h`,`lines`,`face`,`fontname`,`fontstyle`,`fontsize`,`align`,`valign`,`on_overflow`) VALUES ('514','43','option','4','label_fairname','no','0','0','0','0','0','','','','0','','top','truncate');
INSERT INTO `reports_items` (`id`,`reports_id`,`type`,`ord`,`field`,`value`,`x`,`y`,`w`,`h`,`lines`,`face`,`fontname`,`fontstyle`,`fontsize`,`align`,`valign`,`on_overflow`) VALUES ('515','43','option','5','label_logo','no','0','0','0','0','0','','','','0','','top','truncate');
INSERT INTO `reports_items` (`id`,`reports_id`,`type`,`ord`,`field`,`value`,`x`,`y`,`w`,`h`,`lines`,`face`,`fontname`,`fontstyle`,`fontsize`,`align`,`valign`,`on_overflow`) VALUES ('516','43','option','6','stock','fullpage','0','0','0','0','0','','','','0','','top','truncate');
INSERT INTO `reports_items` (`id`,`reports_id`,`type`,`ord`,`field`,`value`,`x`,`y`,`w`,`h`,`lines`,`face`,`fontname`,`fontstyle`,`fontsize`,`align`,`valign`,`on_overflow`) VALUES ('517','43','col','0','tshirt','','0','0','0','0','1','','','','0','','top','truncate');
INSERT INTO `reports_items` (`id`,`reports_id`,`type`,`ord`,`field`,`value`,`x`,`y`,`w`,`h`,`lines`,`face`,`fontname`,`fontstyle`,`fontsize`,`align`,`valign`,`on_overflow`) VALUES ('518','43','col','1','special_tshirt_count','','0','0','0','0','1','','','','0','','top','truncate');
INSERT INTO `reports_items` (`id`,`reports_id`,`type`,`ord`,`field`,`value`,`x`,`y`,`w`,`h`,`lines`,`face`,`fontname`,`fontstyle`,`fontsize`,`align`,`valign`,`on_overflow`) VALUES ('519','43','sort','0','tshirt','','0','0','0','0','1','','','','0','','top','truncate');
INSERT INTO `reports_items` (`id`,`reports_id`,`type`,`ord`,`field`,`value`,`x`,`y`,`w`,`h`,`lines`,`face`,`fontname`,`fontstyle`,`fontsize`,`align`,`valign`,`on_overflow`) VALUES ('520','43','filter','0','tshirt','none','5','0','0','0','1','','','','0','','top','truncate');
INSERT INTO `reports_items` (`id`,`reports_id`,`type`,`ord`,`field`,`value`,`x`,`y`,`w`,`h`,`lines`,`face`,`fontname`,`fontstyle`,`fontsize`,`align`,`valign`,`on_overflow`) VALUES ('521','44','option','0','type','label','0','0','0','0','0','','','','0','','top','truncate');
INSERT INTO `reports_items` (`id`,`reports_id`,`type`,`ord`,`field`,`value`,`x`,`y`,`w`,`h`,`lines`,`face`,`fontname`,`fontstyle`,`fontsize`,`align`,`valign`,`on_overflow`) VALUES ('522','44','option','1','group_new_page','no','0','0','0','0','0','','','','0','','top','truncate');
INSERT INTO `reports_items` (`id`,`reports_id`,`type`,`ord`,`field`,`value`,`x`,`y`,`w`,`h`,`lines`,`face`,`fontname`,`fontstyle`,`fontsize`,`align`,`valign`,`on_overflow`) VALUES ('523','44','option','2','allow_multiline','no','0','0','0','0','0','','','','0','','top','truncate');
INSERT INTO `reports_items` (`id`,`reports_id`,`type`,`ord`,`field`,`value`,`x`,`y`,`w`,`h`,`lines`,`face`,`fontname`,`fontstyle`,`fontsize`,`align`,`valign`,`on_overflow`) VALUES ('524','44','option','3','label_box','no','0','0','0','0','0','','','','0','','top','truncate');
INSERT INTO `reports_items` (`id`,`reports_id`,`type`,`ord`,`field`,`value`,`x`,`y`,`w`,`h`,`lines`,`face`,`fontname`,`fontstyle`,`fontsize`,`align`,`valign`,`on_overflow`) VALUES ('525','44','option','4','label_fairname','no','0','0','0','0','0','','','','0','','top','truncate');
INSERT INTO `reports_items` (`id`,`reports_id`,`type`,`ord`,`field`,`value`,`x`,`y`,`w`,`h`,`lines`,`face`,`fontname`,`fontstyle`,`fontsize`,`align`,`valign`,`on_overflow`) VALUES ('526','44','option','5','label_logo','no','0','0','0','0','0','','','','0','','top','truncate');
INSERT INTO `reports_items` (`id`,`reports_id`,`type`,`ord`,`field`,`value`,`x`,`y`,`w`,`h`,`lines`,`face`,`fontname`,`fontstyle`,`fontsize`,`align`,`valign`,`on_overflow`) VALUES ('527','44','option','6','stock','letter_4up','0','0','0','0','0','','','','0','','top','truncate');
INSERT INTO `reports_items` (`id`,`reports_id`,`type`,`ord`,`field`,`value`,`x`,`y`,`w`,`h`,`lines`,`face`,`fontname`,`fontstyle`,`fontsize`,`align`,`valign`,`on_overflow`) VALUES ('528','44','col','0','pn','','5','5','30','5','1','','','','0','','top','truncate');
INSERT INTO `reports_items` (`id`,`reports_id`,`type`,`ord`,`field`,`value`,`x`,`y`,`w`,`h`,`lines`,`face`,`fontname`,`fontstyle`,`fontsize`,`align`,`valign`,`on_overflow`) VALUES ('529','44','col','1','nom_awards_name_1','','5','45','50','10','3','','','','0','','top','truncate');
INSERT INTO `reports_items` (`id`,`reports_id`,`type`,`ord`,`field`,`value`,`x`,`y`,`w`,`h`,`lines`,`face`,`fontname`,`fontstyle`,`fontsize`,`align`,`valign`,`on_overflow`) VALUES ('530','44','col','2','nom_awards_name_2','','5','56','50','10','3','','','','0','','top','truncate');
INSERT INTO `reports_items` (`id`,`reports_id`,`type`,`ord`,`field`,`value`,`x`,`y`,`w`,`h`,`lines`,`face`,`fontname`,`fontstyle`,`fontsize`,`align`,`valign`,`on_overflow`) VALUES ('531','44','col','3','nom_awards_name_3','','5','67','50','10','3','','','','0','','top','truncate');
INSERT INTO `reports_items` (`id`,`reports_id`,`type`,`ord`,`field`,`value`,`x`,`y`,`w`,`h`,`lines`,`face`,`fontname`,`fontstyle`,`fontsize`,`align`,`valign`,`on_overflow`) VALUES ('532','44','col','4','nom_awards_name_4','','5','78','50','10','3','','','','0','','top','truncate');
INSERT INTO `reports_items` (`id`,`reports_id`,`type`,`ord`,`field`,`value`,`x`,`y`,`w`,`h`,`lines`,`face`,`fontname`,`fontstyle`,`fontsize`,`align`,`valign`,`on_overflow`) VALUES ('533','44','col','5','nom_awards_name_5','','5','89','50','10','3','','','','0','','top','truncate');
INSERT INTO `reports_items` (`id`,`reports_id`,`type`,`ord`,`field`,`value`,`x`,`y`,`w`,`h`,`lines`,`face`,`fontname`,`fontstyle`,`fontsize`,`align`,`valign`,`on_overflow`) VALUES ('534','44','col','6','static_text','Judge 1','5','22','30','4','1','','','','0','','top','truncate');
INSERT INTO `reports_items` (`id`,`reports_id`,`type`,`ord`,`field`,`value`,`x`,`y`,`w`,`h`,`lines`,`face`,`fontname`,`fontstyle`,`fontsize`,`align`,`valign`,`on_overflow`) VALUES ('535','44','col','7','static_text','Judge 2','5','34','30','4','1','','','','0','','top','truncate');
INSERT INTO `reports_items` (`id`,`reports_id`,`type`,`ord`,`field`,`value`,`x`,`y`,`w`,`h`,`lines`,`face`,`fontname`,`fontstyle`,`fontsize`,`align`,`valign`,`on_overflow`) VALUES ('536','44','col','8','static_text','Safety Check','42','6','12','6','2','','','','0','','top','truncate');
INSERT INTO `reports_items` (`id`,`reports_id`,`type`,`ord`,`field`,`value`,`x`,`y`,`w`,`h`,`lines`,`face`,`fontname`,`fontstyle`,`fontsize`,`align`,`valign`,`on_overflow`) VALUES ('537','44','col','9','static_text','Judges: Please initial box when judging of project is complete','70','23','28','12','4','','','','0','','top','truncate');
INSERT INTO `reports_items` (`id`,`reports_id`,`type`,`ord`,`field`,`value`,`x`,`y`,`w`,`h`,`lines`,`face`,`fontname`,`fontstyle`,`fontsize`,`align`,`valign`,`on_overflow`) VALUES ('538','44','col','10','static_box','','0','0','100','100','1','','','','0','','top','truncate');
INSERT INTO `reports_items` (`id`,`reports_id`,`type`,`ord`,`field`,`value`,`x`,`y`,`w`,`h`,`lines`,`face`,`fontname`,`fontstyle`,`fontsize`,`align`,`valign`,`on_overflow`) VALUES ('539','44','col','11','static_box','','55','5','40','8','1','','','','0','','top','truncate');
INSERT INTO `reports_items` (`id`,`reports_id`,`type`,`ord`,`field`,`value`,`x`,`y`,`w`,`h`,`lines`,`face`,`fontname`,`fontstyle`,`fontsize`,`align`,`valign`,`on_overflow`) VALUES ('540','44','col','12','static_box','','22','20','40','8','1','','','','0','','top','truncate');
INSERT INTO `reports_items` (`id`,`reports_id`,`type`,`ord`,`field`,`value`,`x`,`y`,`w`,`h`,`lines`,`face`,`fontname`,`fontstyle`,`fontsize`,`align`,`valign`,`on_overflow`) VALUES ('541','44','col','13','static_box','','22','32','40','8','1','','','','0','','top','truncate');
INSERT INTO `reports_items` (`id`,`reports_id`,`type`,`ord`,`field`,`value`,`x`,`y`,`w`,`h`,`lines`,`face`,`fontname`,`fontstyle`,`fontsize`,`align`,`valign`,`on_overflow`) VALUES ('542','44','col','14','static_box','','55','46','40','8','1','','','','0','','top','truncate');
INSERT INTO `reports_items` (`id`,`reports_id`,`type`,`ord`,`field`,`value`,`x`,`y`,`w`,`h`,`lines`,`face`,`fontname`,`fontstyle`,`fontsize`,`align`,`valign`,`on_overflow`) VALUES ('543','44','col','15','static_box','','55','57','40','8','1','','','','0','','top','truncate');
INSERT INTO `reports_items` (`id`,`reports_id`,`type`,`ord`,`field`,`value`,`x`,`y`,`w`,`h`,`lines`,`face`,`fontname`,`fontstyle`,`fontsize`,`align`,`valign`,`on_overflow`) VALUES ('544','44','col','16','static_box','','55','68','40','8','1','','','','0','','top','truncate');
INSERT INTO `reports_items` (`id`,`reports_id`,`type`,`ord`,`field`,`value`,`x`,`y`,`w`,`h`,`lines`,`face`,`fontname`,`fontstyle`,`fontsize`,`align`,`valign`,`on_overflow`) VALUES ('545','44','col','17','static_box','','55','79','40','8','1','','','','0','','top','truncate');
INSERT INTO `reports_items` (`id`,`reports_id`,`type`,`ord`,`field`,`value`,`x`,`y`,`w`,`h`,`lines`,`face`,`fontname`,`fontstyle`,`fontsize`,`align`,`valign`,`on_overflow`) VALUES ('546','44','col','18','static_box','','55','90','40','8','1','','','','0','','top','truncate');
INSERT INTO `reports_items` (`id`,`reports_id`,`type`,`ord`,`field`,`value`,`x`,`y`,`w`,`h`,`lines`,`face`,`fontname`,`fontstyle`,`fontsize`,`align`,`valign`,`on_overflow`) VALUES ('547','44','col','19','static_box','','0','15','100','27','1','','','','0','','top','truncate');
INSERT INTO `reports_items` (`id`,`reports_id`,`type`,`ord`,`field`,`value`,`x`,`y`,`w`,`h`,`lines`,`face`,`fontname`,`fontstyle`,`fontsize`,`align`,`valign`,`on_overflow`) VALUES ('548','44','sort','0','pn','','0','0','0','0','1','','','','0','','top','truncate');
INSERT INTO `reports_items` (`id`,`reports_id`,`type`,`ord`,`field`,`value`,`x`,`y`,`w`,`h`,`lines`,`face`,`fontname`,`fontstyle`,`fontsize`,`align`,`valign`,`on_overflow`) VALUES ('549','44','distinct','0','pn','','0','0','0','0','1','','','','0','','top','truncate');
INSERT INTO `reports_items` (`id`,`reports_id`,`type`,`ord`,`field`,`value`,`x`,`y`,`w`,`h`,`lines`,`face`,`fontname`,`fontstyle`,`fontsize`,`align`,`valign`,`on_overflow`) VALUES ('550','45','option','0','type','csv','0','0','0','0','0','','','','0','','top','truncate');
INSERT INTO `reports_items` (`id`,`reports_id`,`type`,`ord`,`field`,`value`,`x`,`y`,`w`,`h`,`lines`,`face`,`fontname`,`fontstyle`,`fontsize`,`align`,`valign`,`on_overflow`) VALUES ('551','45','option','1','group_new_page','no','0','0','0','0','0','','','','0','','top','truncate');
INSERT INTO `reports_items` (`id`,`reports_id`,`type`,`ord`,`field`,`value`,`x`,`y`,`w`,`h`,`lines`,`face`,`fontname`,`fontstyle`,`fontsize`,`align`,`valign`,`on_overflow`) VALUES ('552','45','option','2','allow_multiline','no','0','0','0','0','0','','','','0','','top','truncate');
INSERT INTO `reports_items` (`id`,`reports_id`,`type`,`ord`,`field`,`value`,`x`,`y`,`w`,`h`,`lines`,`face`,`fontname`,`fontstyle`,`fontsize`,`align`,`valign`,`on_overflow`) VALUES ('553','45','option','3','label_box','no','0','0','0','0','0','','','','0','','top','truncate');
INSERT INTO `reports_items` (`id`,`reports_id`,`type`,`ord`,`field`,`value`,`x`,`y`,`w`,`h`,`lines`,`face`,`fontname`,`fontstyle`,`fontsize`,`align`,`valign`,`on_overflow`) VALUES ('554','45','option','4','label_fairname','no','0','0','0','0','0','','','','0','','top','truncate');
INSERT INTO `reports_items` (`id`,`reports_id`,`type`,`ord`,`field`,`value`,`x`,`y`,`w`,`h`,`lines`,`face`,`fontname`,`fontstyle`,`fontsize`,`align`,`valign`,`on_overflow`) VALUES ('555','45','option','5','label_logo','no','0','0','0','0','0','','','','0','','top','truncate');
INSERT INTO `reports_items` (`id`,`reports_id`,`type`,`ord`,`field`,`value`,`x`,`y`,`w`,`h`,`lines`,`face`,`fontname`,`fontstyle`,`fontsize`,`align`,`valign`,`on_overflow`) VALUES ('556','45','option','6','stock','fullpage','0','0','0','0','0','','','','0','','top','truncate');
INSERT INTO `reports_items` (`id`,`reports_id`,`type`,`ord`,`field`,`value`,`x`,`y`,`w`,`h`,`lines`,`face`,`fontname`,`fontstyle`,`fontsize`,`align`,`valign`,`on_overflow`) VALUES ('557','45','col','0','school','','0','0','0','0','1','','','','0','','top','truncate');
INSERT INTO `reports_items` (`id`,`reports_id`,`type`,`ord`,`field`,`value`,`x`,`y`,`w`,`h`,`lines`,`face`,`fontname`,`fontstyle`,`fontsize`,`align`,`valign`,`on_overflow`) VALUES ('558','45','col','1','school_lang','','0','0','0','0','1','','','','0','','top','truncate');
INSERT INTO `reports_items` (`id`,`reports_id`,`type`,`ord`,`field`,`value`,`x`,`y`,`w`,`h`,`lines`,`face`,`fontname`,`fontstyle`,`fontsize`,`align`,`valign`,`on_overflow`) VALUES ('559','45','col','2','school_level','','0','0','0','0','1','','','','0','','top','truncate');
INSERT INTO `reports_items` (`id`,`reports_id`,`type`,`ord`,`field`,`value`,`x`,`y`,`w`,`h`,`lines`,`face`,`fontname`,`fontstyle`,`fontsize`,`align`,`valign`,`on_overflow`) VALUES ('560','45','col','3','school_board','','0','0','0','0','1','','','','0','','top','truncate');
INSERT INTO `reports_items` (`id`,`reports_id`,`type`,`ord`,`field`,`value`,`x`,`y`,`w`,`h`,`lines`,`face`,`fontname`,`fontstyle`,`fontsize`,`align`,`valign`,`on_overflow`) VALUES ('561','45','col','4','school_district','','0','0','0','0','1','','','','0','','top','truncate');
INSERT INTO `reports_items` (`id`,`reports_id`,`type`,`ord`,`field`,`value`,`x`,`y`,`w`,`h`,`lines`,`face`,`fontname`,`fontstyle`,`fontsize`,`align`,`valign`,`on_overflow`) VALUES ('562','45','col','5','school_phone','','0','0','0','0','1','','','','0','','top','truncate');
INSERT INTO `reports_items` (`id`,`reports_id`,`type`,`ord`,`field`,`value`,`x`,`y`,`w`,`h`,`lines`,`face`,`fontname`,`fontstyle`,`fontsize`,`align`,`valign`,`on_overflow`) VALUES ('563','45','col','6','school_fax','','0','0','0','0','1','','','','0','','top','truncate');
INSERT INTO `reports_items` (`id`,`reports_id`,`type`,`ord`,`field`,`value`,`x`,`y`,`w`,`h`,`lines`,`face`,`fontname`,`fontstyle`,`fontsize`,`align`,`valign`,`on_overflow`) VALUES ('564','45','col','7','school_address','','0','0','0','0','1','','','','0','','top','truncate');
INSERT INTO `reports_items` (`id`,`reports_id`,`type`,`ord`,`field`,`value`,`x`,`y`,`w`,`h`,`lines`,`face`,`fontname`,`fontstyle`,`fontsize`,`align`,`valign`,`on_overflow`) VALUES ('565','45','col','8','school_city','','0','0','0','0','1','','','','0','','top','truncate');
INSERT INTO `reports_items` (`id`,`reports_id`,`type`,`ord`,`field`,`value`,`x`,`y`,`w`,`h`,`lines`,`face`,`fontname`,`fontstyle`,`fontsize`,`align`,`valign`,`on_overflow`) VALUES ('566','45','col','9','school_province','','0','0','0','0','1','','','','0','','top','truncate');
INSERT INTO `reports_items` (`id`,`reports_id`,`type`,`ord`,`field`,`value`,`x`,`y`,`w`,`h`,`lines`,`face`,`fontname`,`fontstyle`,`fontsize`,`align`,`valign`,`on_overflow`) VALUES ('567','45','col','10','school_postal','','0','0','0','0','1','','','','0','','top','truncate');
INSERT INTO `reports_items` (`id`,`reports_id`,`type`,`ord`,`field`,`value`,`x`,`y`,`w`,`h`,`lines`,`face`,`fontname`,`fontstyle`,`fontsize`,`align`,`valign`,`on_overflow`) VALUES ('568','45','col','11','school_principal','','0','0','0','0','1','','','','0','','top','truncate');
INSERT INTO `reports_items` (`id`,`reports_id`,`type`,`ord`,`field`,`value`,`x`,`y`,`w`,`h`,`lines`,`face`,`fontname`,`fontstyle`,`fontsize`,`align`,`valign`,`on_overflow`) VALUES ('569','45','col','12','school_email','','0','0','0','0','1','','','','0','','top','truncate');
INSERT INTO `reports_items` (`id`,`reports_id`,`type`,`ord`,`field`,`value`,`x`,`y`,`w`,`h`,`lines`,`face`,`fontname`,`fontstyle`,`fontsize`,`align`,`valign`,`on_overflow`) VALUES ('570','45','col','13','school_sh','','0','0','0','0','1','','','','0','','top','truncate');
INSERT INTO `reports_items` (`id`,`reports_id`,`type`,`ord`,`field`,`value`,`x`,`y`,`w`,`h`,`lines`,`face`,`fontname`,`fontstyle`,`fontsize`,`align`,`valign`,`on_overflow`) VALUES ('571','45','col','14','school_shemail','','0','0','0','0','1','','','','0','','top','truncate');
INSERT INTO `reports_items` (`id`,`reports_id`,`type`,`ord`,`field`,`value`,`x`,`y`,`w`,`h`,`lines`,`face`,`fontname`,`fontstyle`,`fontsize`,`align`,`valign`,`on_overflow`) VALUES ('572','45','col','15','school_shphone','','0','0','0','0','1','','','','0','','top','truncate');
INSERT INTO `reports_items` (`id`,`reports_id`,`type`,`ord`,`field`,`value`,`x`,`y`,`w`,`h`,`lines`,`face`,`fontname`,`fontstyle`,`fontsize`,`align`,`valign`,`on_overflow`) VALUES ('573','45','col','16','school_accesscode','','0','0','0','0','1','','','','0','','top','truncate');
INSERT INTO `reports_items` (`id`,`reports_id`,`type`,`ord`,`field`,`value`,`x`,`y`,`w`,`h`,`lines`,`face`,`fontname`,`fontstyle`,`fontsize`,`align`,`valign`,`on_overflow`) VALUES ('574','45','col','17','school_registration_password','','0','0','0','0','1','','','','0','','top','truncate');
INSERT INTO `reports_items` (`id`,`reports_id`,`type`,`ord`,`field`,`value`,`x`,`y`,`w`,`h`,`lines`,`face`,`fontname`,`fontstyle`,`fontsize`,`align`,`valign`,`on_overflow`) VALUES ('575','45','col','18','school_project_limit','','0','0','0','0','1','','','','0','','top','truncate');
INSERT INTO `reports_items` (`id`,`reports_id`,`type`,`ord`,`field`,`value`,`x`,`y`,`w`,`h`,`lines`,`face`,`fontname`,`fontstyle`,`fontsize`,`align`,`valign`,`on_overflow`) VALUES ('576','45','col','19','school_project_limit_per','','0','0','0','0','1','','','','0','','top','truncate');
INSERT INTO `reports_items` (`id`,`reports_id`,`type`,`ord`,`field`,`value`,`x`,`y`,`w`,`h`,`lines`,`face`,`fontname`,`fontstyle`,`fontsize`,`align`,`valign`,`on_overflow`) VALUES ('577','46','option','0','type','csv','0','0','0','0','0','','','','0','','top','truncate');
INSERT INTO `reports_items` (`id`,`reports_id`,`type`,`ord`,`field`,`value`,`x`,`y`,`w`,`h`,`lines`,`face`,`fontname`,`fontstyle`,`fontsize`,`align`,`valign`,`on_overflow`) VALUES ('578','46','option','1','group_new_page','no','0','0','0','0','0','','','','0','','top','truncate');
INSERT INTO `reports_items` (`id`,`reports_id`,`type`,`ord`,`field`,`value`,`x`,`y`,`w`,`h`,`lines`,`face`,`fontname`,`fontstyle`,`fontsize`,`align`,`valign`,`on_overflow`) VALUES ('579','46','option','2','allow_multiline','no','0','0','0','0','0','','','','0','','top','truncate');
INSERT INTO `reports_items` (`id`,`reports_id`,`type`,`ord`,`field`,`value`,`x`,`y`,`w`,`h`,`lines`,`face`,`fontname`,`fontstyle`,`fontsize`,`align`,`valign`,`on_overflow`) VALUES ('580','46','option','3','fit_columns','no','0','0','0','0','0','','','','0','','top','truncate');
INSERT INTO `reports_items` (`id`,`reports_id`,`type`,`ord`,`field`,`value`,`x`,`y`,`w`,`h`,`lines`,`face`,`fontname`,`fontstyle`,`fontsize`,`align`,`valign`,`on_overflow`) VALUES ('581','46','option','4','label_box','no','0','0','0','0','0','','','','0','','top','truncate');
INSERT INTO `reports_items` (`id`,`reports_id`,`type`,`ord`,`field`,`value`,`x`,`y`,`w`,`h`,`lines`,`face`,`fontname`,`fontstyle`,`fontsize`,`align`,`valign`,`on_overflow`) VALUES ('582','46','option','5','field_box','no','0','0','0','0','0','','','','0','','top','truncate');
INSERT INTO `reports_items` (`id`,`reports_id`,`type`,`ord`,`field`,`value`,`x`,`y`,`w`,`h`,`lines`,`face`,`fontname`,`fontstyle`,`fontsize`,`align`,`valign`,`on_overflow`) VALUES ('583','46','option','6','label_fairname','no','0','0','0','0','0','','','','0','','top','truncate');
INSERT INTO `reports_items` (`id`,`reports_id`,`type`,`ord`,`field`,`value`,`x`,`y`,`w`,`h`,`lines`,`face`,`fontname`,`fontstyle`,`fontsize`,`align`,`valign`,`on_overflow`) VALUES ('584','46','option','7','label_logo','no','0','0','0','0','0','','','','0','','top','truncate');
INSERT INTO `reports_items` (`id`,`reports_id`,`type`,`ord`,`field`,`value`,`x`,`y`,`w`,`h`,`lines`,`face`,`fontname`,`fontstyle`,`fontsize`,`align`,`valign`,`on_overflow`) VALUES ('585','46','option','8','stock','fullpage','0','0','0','0','0','','','','0','','top','truncate');
INSERT INTO `reports_items` (`id`,`reports_id`,`type`,`ord`,`field`,`value`,`x`,`y`,`w`,`h`,`lines`,`face`,`fontname`,`fontstyle`,`fontsize`,`align`,`valign`,`on_overflow`) VALUES ('586','46','col','0','fair_name','','0','0','0','0','1','','','','0',' ','top','truncate');
INSERT INTO `reports_items` (`id`,`reports_id`,`type`,`ord`,`field`,`value`,`x`,`y`,`w`,`h`,`lines`,`face`,`fontname`,`fontstyle`,`fontsize`,`align`,`valign`,`on_overflow`) VALUES ('587','46','col','1','fairstats_year','','0','0','0','0','1','','','','0',' ','top','truncate');
INSERT INTO `reports_items` (`id`,`reports_id`,`type`,`ord`,`field`,`value`,`x`,`y`,`w`,`h`,`lines`,`face`,`fontname`,`fontstyle`,`fontsize`,`align`,`valign`,`on_overflow`) VALUES ('588','46','col','2','fairstats_start_date','','0','0','0','0','1','','','','0',' ','top','truncate');
INSERT INTO `reports_items` (`id`,`reports_id`,`type`,`ord`,`field`,`value`,`x`,`y`,`w`,`h`,`lines`,`face`,`fontname`,`fontstyle`,`fontsize`,`align`,`valign`,`on_overflow`) VALUES ('589','46','col','3','fairstats_end_date','','0','0','0','0','1','','','','0',' ','top','truncate');
INSERT INTO `reports_items` (`id`,`reports_id`,`type`,`ord`,`field`,`value`,`x`,`y`,`w`,`h`,`lines`,`face`,`fontname`,`fontstyle`,`fontsize`,`align`,`valign`,`on_overflow`) VALUES ('590','46','col','4','fairstats_budget','','0','0','0','0','1','','','','0',' ','top','truncate');
INSERT INTO `reports_items` (`id`,`reports_id`,`type`,`ord`,`field`,`value`,`x`,`y`,`w`,`h`,`lines`,`face`,`fontname`,`fontstyle`,`fontsize`,`align`,`valign`,`on_overflow`) VALUES ('591','46','col','5','fairstats_address','','0','0','0','0','1','','','','0',' ','top','truncate');
INSERT INTO `reports_items` (`id`,`reports_id`,`type`,`ord`,`field`,`value`,`x`,`y`,`w`,`h`,`lines`,`face`,`fontname`,`fontstyle`,`fontsize`,`align`,`valign`,`on_overflow`) VALUES ('592','46','col','6','fairstats_ysf_affiliation_complete','','0','0','0','0','1','','','','0',' ','top','truncate');
INSERT INTO `reports_items` (`id`,`reports_id`,`type`,`ord`,`field`,`value`,`x`,`y`,`w`,`h`,`lines`,`face`,`fontname`,`fontstyle`,`fontsize`,`align`,`valign`,`on_overflow`) VALUES ('593','46','col','7','fairstats_charity','','0','0','0','0','1','','','','0',' ','top','truncate');
INSERT INTO `reports_items` (`id`,`reports_id`,`type`,`ord`,`field`,`value`,`x`,`y`,`w`,`h`,`lines`,`face`,`fontname`,`fontstyle`,`fontsize`,`align`,`valign`,`on_overflow`) VALUES ('594','46','col','8','fairstats_scholarships','','0','0','0','0','1','','','','0',' ','top','truncate');
INSERT INTO `reports_items` (`id`,`reports_id`,`type`,`ord`,`field`,`value`,`x`,`y`,`w`,`h`,`lines`,`face`,`fontname`,`fontstyle`,`fontsize`,`align`,`valign`,`on_overflow`) VALUES ('595','46','col','9','fairstats_male_1','','0','0','0','0','1','','','','0',' ','top','truncate');
INSERT INTO `reports_items` (`id`,`reports_id`,`type`,`ord`,`field`,`value`,`x`,`y`,`w`,`h`,`lines`,`face`,`fontname`,`fontstyle`,`fontsize`,`align`,`valign`,`on_overflow`) VALUES ('596','46','col','10','fairstats_male_4','','0','0','0','0','1','','','','0',' ','top','truncate');
INSERT INTO `reports_items` (`id`,`reports_id`,`type`,`ord`,`field`,`value`,`x`,`y`,`w`,`h`,`lines`,`face`,`fontname`,`fontstyle`,`fontsize`,`align`,`valign`,`on_overflow`) VALUES ('597','46','col','11','fairstats_male_7','','0','0','0','0','1','','','','0',' ','top','truncate');
INSERT INTO `reports_items` (`id`,`reports_id`,`type`,`ord`,`field`,`value`,`x`,`y`,`w`,`h`,`lines`,`face`,`fontname`,`fontstyle`,`fontsize`,`align`,`valign`,`on_overflow`) VALUES ('598','46','col','12','fairstats_male_9','','0','0','0','0','1','','','','0',' ','top','truncate');
INSERT INTO `reports_items` (`id`,`reports_id`,`type`,`ord`,`field`,`value`,`x`,`y`,`w`,`h`,`lines`,`face`,`fontname`,`fontstyle`,`fontsize`,`align`,`valign`,`on_overflow`) VALUES ('599','46','col','13','fairstats_male_11','','0','0','0','0','1','','','','0',' ','top','truncate');
INSERT INTO `reports_items` (`id`,`reports_id`,`type`,`ord`,`field`,`value`,`x`,`y`,`w`,`h`,`lines`,`face`,`fontname`,`fontstyle`,`fontsize`,`align`,`valign`,`on_overflow`) VALUES ('600','46','col','14','fairstats_female_1','','0','0','0','0','1','','','','0',' ','top','truncate');
INSERT INTO `reports_items` (`id`,`reports_id`,`type`,`ord`,`field`,`value`,`x`,`y`,`w`,`h`,`lines`,`face`,`fontname`,`fontstyle`,`fontsize`,`align`,`valign`,`on_overflow`) VALUES ('601','46','col','15','fairstats_female_4','','0','0','0','0','1','','','','0',' ','top','truncate');
INSERT INTO `reports_items` (`id`,`reports_id`,`type`,`ord`,`field`,`value`,`x`,`y`,`w`,`h`,`lines`,`face`,`fontname`,`fontstyle`,`fontsize`,`align`,`valign`,`on_overflow`) VALUES ('602','46','col','16','fairstats_female_7','','0','0','0','0','1','','','','0',' ','top','truncate');
INSERT INTO `reports_items` (`id`,`reports_id`,`type`,`ord`,`field`,`value`,`x`,`y`,`w`,`h`,`lines`,`face`,`fontname`,`fontstyle`,`fontsize`,`align`,`valign`,`on_overflow`) VALUES ('603','46','col','17','fairstats_female_9','','0','0','0','0','1','','','','0',' ','top','truncate');
INSERT INTO `reports_items` (`id`,`reports_id`,`type`,`ord`,`field`,`value`,`x`,`y`,`w`,`h`,`lines`,`face`,`fontname`,`fontstyle`,`fontsize`,`align`,`valign`,`on_overflow`) VALUES ('604','46','col','18','fairstats_female_11','','0','0','0','0','1','','','','0',' ','top','truncate');
INSERT INTO `reports_items` (`id`,`reports_id`,`type`,`ord`,`field`,`value`,`x`,`y`,`w`,`h`,`lines`,`face`,`fontname`,`fontstyle`,`fontsize`,`align`,`valign`,`on_overflow`) VALUES ('605','46','col','19','fairstats_projects_1','','0','0','0','0','1','','','','0',' ','top','truncate');
INSERT INTO `reports_items` (`id`,`reports_id`,`type`,`ord`,`field`,`value`,`x`,`y`,`w`,`h`,`lines`,`face`,`fontname`,`fontstyle`,`fontsize`,`align`,`valign`,`on_overflow`) VALUES ('606','46','col','20','fairstats_projects_4','','0','0','0','0','1','','','','0',' ','top','truncate');
INSERT INTO `reports_items` (`id`,`reports_id`,`type`,`ord`,`field`,`value`,`x`,`y`,`w`,`h`,`lines`,`face`,`fontname`,`fontstyle`,`fontsize`,`align`,`valign`,`on_overflow`) VALUES ('607','46','col','21','fairstats_projects_7','','0','0','0','0','1','','','','0',' ','top','truncate');
INSERT INTO `reports_items` (`id`,`reports_id`,`type`,`ord`,`field`,`value`,`x`,`y`,`w`,`h`,`lines`,`face`,`fontname`,`fontstyle`,`fontsize`,`align`,`valign`,`on_overflow`) VALUES ('608','46','col','22','fairstats_projects_9','','0','0','0','0','1','','','','0',' ','top','truncate');
INSERT INTO `reports_items` (`id`,`reports_id`,`type`,`ord`,`field`,`value`,`x`,`y`,`w`,`h`,`lines`,`face`,`fontname`,`fontstyle`,`fontsize`,`align`,`valign`,`on_overflow`) VALUES ('609','46','col','23','fairstats_projects_11','','0','0','0','0','1','','','','0',' ','top','truncate');
INSERT INTO `reports_items` (`id`,`reports_id`,`type`,`ord`,`field`,`value`,`x`,`y`,`w`,`h`,`lines`,`face`,`fontname`,`fontstyle`,`fontsize`,`align`,`valign`,`on_overflow`) VALUES ('610','46','col','24','fairstats_firstnations','','0','0','0','0','1','','','','0',' ','top','truncate');
INSERT INTO `reports_items` (`id`,`reports_id`,`type`,`ord`,`field`,`value`,`x`,`y`,`w`,`h`,`lines`,`face`,`fontname`,`fontstyle`,`fontsize`,`align`,`valign`,`on_overflow`) VALUES ('611','46','col','25','fairstats_students_atrisk','','0','0','0','0','1','','','','0',' ','top','truncate');
INSERT INTO `reports_items` (`id`,`reports_id`,`type`,`ord`,`field`,`value`,`x`,`y`,`w`,`h`,`lines`,`face`,`fontname`,`fontstyle`,`fontsize`,`align`,`valign`,`on_overflow`) VALUES ('612','46','col','26','fairstats_schools_atrisk','','0','0','0','0','1','','','','0',' ','top','truncate');
INSERT INTO `reports_items` (`id`,`reports_id`,`type`,`ord`,`field`,`value`,`x`,`y`,`w`,`h`,`lines`,`face`,`fontname`,`fontstyle`,`fontsize`,`align`,`valign`,`on_overflow`) VALUES ('613','46','col','27','fairstats_students_total','','0','0','0','0','1','','','','0',' ','top','truncate');
INSERT INTO `reports_items` (`id`,`reports_id`,`type`,`ord`,`field`,`value`,`x`,`y`,`w`,`h`,`lines`,`face`,`fontname`,`fontstyle`,`fontsize`,`align`,`valign`,`on_overflow`) VALUES ('614','46','col','28','fairstats_schools_total','','0','0','0','0','1','','','','0',' ','top','truncate');
INSERT INTO `reports_items` (`id`,`reports_id`,`type`,`ord`,`field`,`value`,`x`,`y`,`w`,`h`,`lines`,`face`,`fontname`,`fontstyle`,`fontsize`,`align`,`valign`,`on_overflow`) VALUES ('615','46','col','29','fairstats_schools_active','','0','0','0','0','1','','','','0',' ','top','truncate');
INSERT INTO `reports_items` (`id`,`reports_id`,`type`,`ord`,`field`,`value`,`x`,`y`,`w`,`h`,`lines`,`face`,`fontname`,`fontstyle`,`fontsize`,`align`,`valign`,`on_overflow`) VALUES ('616','46','col','30','fairstats_students_public','','0','0','0','0','1','','','','0',' ','top','truncate');
INSERT INTO `reports_items` (`id`,`reports_id`,`type`,`ord`,`field`,`value`,`x`,`y`,`w`,`h`,`lines`,`face`,`fontname`,`fontstyle`,`fontsize`,`align`,`valign`,`on_overflow`) VALUES ('617','46','col','31','fairstats_schools_public','','0','0','0','0','1','','','','0',' ','top','truncate');
INSERT INTO `reports_items` (`id`,`reports_id`,`type`,`ord`,`field`,`value`,`x`,`y`,`w`,`h`,`lines`,`face`,`fontname`,`fontstyle`,`fontsize`,`align`,`valign`,`on_overflow`) VALUES ('618','46','col','32','fairstats_students_private','','0','0','0','0','1','','','','0',' ','top','truncate');
INSERT INTO `reports_items` (`id`,`reports_id`,`type`,`ord`,`field`,`value`,`x`,`y`,`w`,`h`,`lines`,`face`,`fontname`,`fontstyle`,`fontsize`,`align`,`valign`,`on_overflow`) VALUES ('619','46','col','33','fairstats_schools_private','','0','0','0','0','1','','','','0',' ','top','truncate');
INSERT INTO `reports_items` (`id`,`reports_id`,`type`,`ord`,`field`,`value`,`x`,`y`,`w`,`h`,`lines`,`face`,`fontname`,`fontstyle`,`fontsize`,`align`,`valign`,`on_overflow`) VALUES ('620','46','col','34','fairstats_schools_districts','','0','0','0','0','1','','','','0',' ','top','truncate');
INSERT INTO `reports_items` (`id`,`reports_id`,`type`,`ord`,`field`,`value`,`x`,`y`,`w`,`h`,`lines`,`face`,`fontname`,`fontstyle`,`fontsize`,`align`,`valign`,`on_overflow`) VALUES ('621','46','col','35','fairstats_studentsvisiting','','0','0','0','0','1','','','','0',' ','top','truncate');
INSERT INTO `reports_items` (`id`,`reports_id`,`type`,`ord`,`field`,`value`,`x`,`y`,`w`,`h`,`lines`,`face`,`fontname`,`fontstyle`,`fontsize`,`align`,`valign`,`on_overflow`) VALUES ('622','46','col','36','fairstats_publicvisiting','','0','0','0','0','1','','','','0',' ','top','truncate');
INSERT INTO `reports_items` (`id`,`reports_id`,`type`,`ord`,`field`,`value`,`x`,`y`,`w`,`h`,`lines`,`face`,`fontname`,`fontstyle`,`fontsize`,`align`,`valign`,`on_overflow`) VALUES ('623','46','col','37','fairstats_teacherssupporting','','0','0','0','0','1','','','','0',' ','top','truncate');
INSERT INTO `reports_items` (`id`,`reports_id`,`type`,`ord`,`field`,`value`,`x`,`y`,`w`,`h`,`lines`,`face`,`fontname`,`fontstyle`,`fontsize`,`align`,`valign`,`on_overflow`) VALUES ('624','46','col','38','fairstats_increasedinterest','','0','0','0','0','1','','','','0',' ','top','truncate');
INSERT INTO `reports_items` (`id`,`reports_id`,`type`,`ord`,`field`,`value`,`x`,`y`,`w`,`h`,`lines`,`face`,`fontname`,`fontstyle`,`fontsize`,`align`,`valign`,`on_overflow`) VALUES ('625','46','col','39','fairstats_consideringcareer','','0','0','0','0','1','','','','0',' ','top','truncate');
INSERT INTO `reports_items` (`id`,`reports_id`,`type`,`ord`,`field`,`value`,`x`,`y`,`w`,`h`,`lines`,`face`,`fontname`,`fontstyle`,`fontsize`,`align`,`valign`,`on_overflow`) VALUES ('626','46','col','40','fairstats_committee_members','','0','0','0','0','1','','','','0',' ','top','truncate');
INSERT INTO `reports_items` (`id`,`reports_id`,`type`,`ord`,`field`,`value`,`x`,`y`,`w`,`h`,`lines`,`face`,`fontname`,`fontstyle`,`fontsize`,`align`,`valign`,`on_overflow`) VALUES ('627','46','col','41','fairstats_judges','','0','0','0','0','1','','','','0',' ','top','truncate');
INSERT INTO `reports_items` (`id`,`reports_id`,`type`,`ord`,`field`,`value`,`x`,`y`,`w`,`h`,`lines`,`face`,`fontname`,`fontstyle`,`fontsize`,`align`,`valign`,`on_overflow`) VALUES ('628','46','col','42','fairstats_next_chair_name','','0','0','0','0','1','','','','0',' ','top','truncate');
INSERT INTO `reports_items` (`id`,`reports_id`,`type`,`ord`,`field`,`value`,`x`,`y`,`w`,`h`,`lines`,`face`,`fontname`,`fontstyle`,`fontsize`,`align`,`valign`,`on_overflow`) VALUES ('629','46','col','43','fairstats_next_chair_email','','0','0','0','0','1','','','','0',' ','top','truncate');
INSERT INTO `reports_items` (`id`,`reports_id`,`type`,`ord`,`field`,`value`,`x`,`y`,`w`,`h`,`lines`,`face`,`fontname`,`fontstyle`,`fontsize`,`align`,`valign`,`on_overflow`) VALUES ('630','46','col','44','fairstats_next_chair_hphone','','0','0','0','0','1','','','','0',' ','top','truncate');
INSERT INTO `reports_items` (`id`,`reports_id`,`type`,`ord`,`field`,`value`,`x`,`y`,`w`,`h`,`lines`,`face`,`fontname`,`fontstyle`,`fontsize`,`align`,`valign`,`on_overflow`) VALUES ('631','46','col','45','fairstats_next_chair_bphone','','0','0','0','0','1','','','','0',' ','top','truncate');
INSERT INTO `reports_items` (`id`,`reports_id`,`type`,`ord`,`field`,`value`,`x`,`y`,`w`,`h`,`lines`,`face`,`fontname`,`fontstyle`,`fontsize`,`align`,`valign`,`on_overflow`) VALUES ('632','46','col','46','fairstats_next_chair_fax','','0','0','0','0','1','','','','0',' ','top','truncate');
INSERT INTO `reports_items` (`id`,`reports_id`,`type`,`ord`,`field`,`value`,`x`,`y`,`w`,`h`,`lines`,`face`,`fontname`,`fontstyle`,`fontsize`,`align`,`valign`,`on_overflow`) VALUES ('633','46','col','47','fairstats_delegate1','','0','0','0','0','1','','','','0',' ','top','truncate');
INSERT INTO `reports_items` (`id`,`reports_id`,`type`,`ord`,`field`,`value`,`x`,`y`,`w`,`h`,`lines`,`face`,`fontname`,`fontstyle`,`fontsize`,`align`,`valign`,`on_overflow`) VALUES ('634','46','col','48','fairstats_delegate1_email','','0','0','0','0','1','','','','0',' ','top','truncate');
INSERT INTO `reports_items` (`id`,`reports_id`,`type`,`ord`,`field`,`value`,`x`,`y`,`w`,`h`,`lines`,`face`,`fontname`,`fontstyle`,`fontsize`,`align`,`valign`,`on_overflow`) VALUES ('635','46','col','49','fairstats_delegate1_size','','0','0','0','0','1','','','','0',' ','top','truncate');
INSERT INTO `reports_items` (`id`,`reports_id`,`type`,`ord`,`field`,`value`,`x`,`y`,`w`,`h`,`lines`,`face`,`fontname`,`fontstyle`,`fontsize`,`align`,`valign`,`on_overflow`) VALUES ('636','46','col','50','fairstats_delegate2','','0','0','0','0','1','','','','0',' ','top','truncate');
INSERT INTO `reports_items` (`id`,`reports_id`,`type`,`ord`,`field`,`value`,`x`,`y`,`w`,`h`,`lines`,`face`,`fontname`,`fontstyle`,`fontsize`,`align`,`valign`,`on_overflow`) VALUES ('637','46','col','51','fairstats_delegate2_email','','0','0','0','0','1','','','','0',' ','top','truncate');
INSERT INTO `reports_items` (`id`,`reports_id`,`type`,`ord`,`field`,`value`,`x`,`y`,`w`,`h`,`lines`,`face`,`fontname`,`fontstyle`,`fontsize`,`align`,`valign`,`on_overflow`) VALUES ('638','46','col','52','fairstats_delegate2_size','','0','0','0','0','1','','','','0',' ','top','truncate');
INSERT INTO `reports_items` (`id`,`reports_id`,`type`,`ord`,`field`,`value`,`x`,`y`,`w`,`h`,`lines`,`face`,`fontname`,`fontstyle`,`fontsize`,`align`,`valign`,`on_overflow`) VALUES ('639','46','col','53','fairstats_delegate3','','0','0','0','0','1','','','','0',' ','top','truncate');
INSERT INTO `reports_items` (`id`,`reports_id`,`type`,`ord`,`field`,`value`,`x`,`y`,`w`,`h`,`lines`,`face`,`fontname`,`fontstyle`,`fontsize`,`align`,`valign`,`on_overflow`) VALUES ('640','46','col','54','fairstats_delegate3_email','','0','0','0','0','1','','','','0',' ','top','truncate');
INSERT INTO `reports_items` (`id`,`reports_id`,`type`,`ord`,`field`,`value`,`x`,`y`,`w`,`h`,`lines`,`face`,`fontname`,`fontstyle`,`fontsize`,`align`,`valign`,`on_overflow`) VALUES ('641','46','col','55','fairstats_delegate3_size','','0','0','0','0','1','','','','0',' ','top','truncate');
INSERT INTO `reports_items` (`id`,`reports_id`,`type`,`ord`,`field`,`value`,`x`,`y`,`w`,`h`,`lines`,`face`,`fontname`,`fontstyle`,`fontsize`,`align`,`valign`,`on_overflow`) VALUES ('642','46','col','56','fairstats_delegate4','','0','0','0','0','1','','','','0',' ','top','truncate');
INSERT INTO `reports_items` (`id`,`reports_id`,`type`,`ord`,`field`,`value`,`x`,`y`,`w`,`h`,`lines`,`face`,`fontname`,`fontstyle`,`fontsize`,`align`,`valign`,`on_overflow`) VALUES ('643','46','col','57','fairstats_delegate4_email','','0','0','0','0','1','','','','0',' ','top','truncate');
INSERT INTO `reports_items` (`id`,`reports_id`,`type`,`ord`,`field`,`value`,`x`,`y`,`w`,`h`,`lines`,`face`,`fontname`,`fontstyle`,`fontsize`,`align`,`valign`,`on_overflow`) VALUES ('644','46','col','58','fairstats_delegate4_size','','0','0','0','0','1','','','','0',' ','top','truncate');
INSERT INTO `reports_items` (`id`,`reports_id`,`type`,`ord`,`field`,`value`,`x`,`y`,`w`,`h`,`lines`,`face`,`fontname`,`fontstyle`,`fontsize`,`align`,`valign`,`on_overflow`) VALUES ('645','46','sort','0','fair_name','','0','0','0','0','1','','','','0',' ','top','truncate');
INSERT INTO `reports_items` (`id`,`reports_id`,`type`,`ord`,`field`,`value`,`x`,`y`,`w`,`h`,`lines`,`face`,`fontname`,`fontstyle`,`fontsize`,`align`,`valign`,`on_overflow`) VALUES ('646','47','option','0','type','label','0','0','0','0','0','','','','0','','top','truncate');
INSERT INTO `reports_items` (`id`,`reports_id`,`type`,`ord`,`field`,`value`,`x`,`y`,`w`,`h`,`lines`,`face`,`fontname`,`fontstyle`,`fontsize`,`align`,`valign`,`on_overflow`) VALUES ('647','47','option','1','group_new_page','no','0','0','0','0','0','','','','0','','top','truncate');
INSERT INTO `reports_items` (`id`,`reports_id`,`type`,`ord`,`field`,`value`,`x`,`y`,`w`,`h`,`lines`,`face`,`fontname`,`fontstyle`,`fontsize`,`align`,`valign`,`on_overflow`) VALUES ('648','47','option','2','allow_multiline','no','0','0','0','0','0','','','','0','','top','truncate');
INSERT INTO `reports_items` (`id`,`reports_id`,`type`,`ord`,`field`,`value`,`x`,`y`,`w`,`h`,`lines`,`face`,`fontname`,`fontstyle`,`fontsize`,`align`,`valign`,`on_overflow`) VALUES ('649','47','option','3','fit_columns','no','0','0','0','0','0','','','','0','','top','truncate');
INSERT INTO `reports_items` (`id`,`reports_id`,`type`,`ord`,`field`,`value`,`x`,`y`,`w`,`h`,`lines`,`face`,`fontname`,`fontstyle`,`fontsize`,`align`,`valign`,`on_overflow`) VALUES ('650','47','option','4','label_box','yes','0','0','0','0','0','','','','0','','top','truncate');
INSERT INTO `reports_items` (`id`,`reports_id`,`type`,`ord`,`field`,`value`,`x`,`y`,`w`,`h`,`lines`,`face`,`fontname`,`fontstyle`,`fontsize`,`align`,`valign`,`on_overflow`) VALUES ('651','47','option','5','field_box','no','0','0','0','0','0','','','','0','','top','truncate');
INSERT INTO `reports_items` (`id`,`reports_id`,`type`,`ord`,`field`,`value`,`x`,`y`,`w`,`h`,`lines`,`face`,`fontname`,`fontstyle`,`fontsize`,`align`,`valign`,`on_overflow`) VALUES ('652','47','option','6','label_fairname','no','0','0','0','0','0','','','','0','','top','truncate');
INSERT INTO `reports_items` (`id`,`reports_id`,`type`,`ord`,`field`,`value`,`x`,`y`,`w`,`h`,`lines`,`face`,`fontname`,`fontstyle`,`fontsize`,`align`,`valign`,`on_overflow`) VALUES ('653','47','option','7','label_logo','no','0','0','0','0','0','','','','0','','top','truncate');
INSERT INTO `reports_items` (`id`,`reports_id`,`type`,`ord`,`field`,`value`,`x`,`y`,`w`,`h`,`lines`,`face`,`fontname`,`fontstyle`,`fontsize`,`align`,`valign`,`on_overflow`) VALUES ('654','47','option','8','stock','5163','0','0','0','0','0','','','','0','','top','truncate');
INSERT INTO `reports_items` (`id`,`reports_id`,`type`,`ord`,`field`,`value`,`x`,`y`,`w`,`h`,`lines`,`face`,`fontname`,`fontstyle`,`fontsize`,`align`,`valign`,`on_overflow`) VALUES ('655','47','col','0','namefl','','5','5','95','12','1','','','','0','left vcenter','top','truncate');
INSERT INTO `reports_items` (`id`,`reports_id`,`type`,`ord`,`field`,`value`,`x`,`y`,`w`,`h`,`lines`,`face`,`fontname`,`fontstyle`,`fontsize`,`align`,`valign`,`on_overflow`) VALUES ('656','47','col','1','address','','5','30','95','24','2','','','','0','left vcenter','top','truncate');
INSERT INTO `reports_items` (`id`,`reports_id`,`type`,`ord`,`field`,`value`,`x`,`y`,`w`,`h`,`lines`,`face`,`fontname`,`fontstyle`,`fontsize`,`align`,`valign`,`on_overflow`) VALUES ('657','47','col','2','city_prov','','5','60','95','12','1','','','','0','left vcenter','top','truncate');
INSERT INTO `reports_items` (`id`,`reports_id`,`type`,`ord`,`field`,`value`,`x`,`y`,`w`,`h`,`lines`,`face`,`fontname`,`fontstyle`,`fontsize`,`align`,`valign`,`on_overflow`) VALUES ('658','47','col','3','postal','','5','80','95','12','1','','','','0','left vcenter','top','truncate');
INSERT INTO `reports_items` (`id`,`reports_id`,`type`,`ord`,`field`,`value`,`x`,`y`,`w`,`h`,`lines`,`face`,`fontname`,`fontstyle`,`fontsize`,`align`,`valign`,`on_overflow`) VALUES ('659','47','col','4','user_filter','','99','99','1','1','1','','','','0','center vcenter','top','truncate');
#TABLE: safety
#TABLE: safetyquestions
#TABLE: schools
INSERT INTO `schools` (`id`,`school`,`schoollang`,`schoollevel`,`board`,`district`,`phone`,`fax`,`address`,`city`,`province_code`,`postalcode`,`designate`,`principal`,`principal_uid`,`sciencehead_uid`,`schoolemail`,`sciencehead`,`scienceheademail`,`scienceheadphone`,`accesscode`,`year`,`lastlogin`,`junior`,`intermediate`,`senior`,`registration_password`,`projectlimit`,`projectlimitper`,`atrisk`) VALUES ('1','Connaught School','en','Elementary Schools','Medicine Hat Public School Division','76',' (403) 526-2392','','601 - 1st Ave SW,Medicine Hat, AB T1A 4Y7','Medicine Hat','AB',' T1A 4L','public','','6',NULL,'','','','','','2018',NULL,'0','0','0','','0','','no');
INSERT INTO `schools` (`id`,`school`,`schoollang`,`schoollevel`,`board`,`district`,`phone`,`fax`,`address`,`city`,`province_code`,`postalcode`,`designate`,`principal`,`principal_uid`,`sciencehead_uid`,`schoolemail`,`sciencehead`,`scienceheademail`,`scienceheadphone`,`accesscode`,`year`,`lastlogin`,`junior`,`intermediate`,`senior`,`registration_password`,`projectlimit`,`projectlimitper`,`atrisk`) VALUES ('2','Crestwood School','en','Elementary Schools','Medicine Hat Public School Division','76',' (403) 527-2257','','2300 - 19th Avenue SE','Medicine Hat','AB',' T1A 3X','public','','7',NULL,'','','','','','2018',NULL,'0','0','0','','0','','no');
INSERT INTO `schools` (`id`,`school`,`schoollang`,`schoollevel`,`board`,`district`,`phone`,`fax`,`address`,`city`,`province_code`,`postalcode`,`designate`,`principal`,`principal_uid`,`sciencehead_uid`,`schoolemail`,`sciencehead`,`scienceheademail`,`scienceheadphone`,`accesscode`,`year`,`lastlogin`,`junior`,`intermediate`,`senior`,`registration_password`,`projectlimit`,`projectlimitper`,`atrisk`) VALUES ('3','Alexandra Middle School ','en','Middle Schools','Medicine Hat Public School Division','76',' (403) 527-8571','','477 6th Street SE','Medicine Hat','',' T1A 1H','public','','8',NULL,'','','','','','2018',NULL,'0','0','0','','0','','no');
INSERT INTO `schools` (`id`,`school`,`schoollang`,`schoollevel`,`board`,`district`,`phone`,`fax`,`address`,`city`,`province_code`,`postalcode`,`designate`,`principal`,`principal_uid`,`sciencehead_uid`,`schoolemail`,`sciencehead`,`scienceheademail`,`scienceheadphone`,`accesscode`,`year`,`lastlogin`,`junior`,`intermediate`,`senior`,`registration_password`,`projectlimit`,`projectlimitper`,`atrisk`) VALUES ('4','Monsignor McCoy High School','en','High School','Medicine Hat Catholic Board of Education ','39','403-527-8161','403-527-8209','202-8th Street NE','Medicine Hat','AB',' T1A 5R','independent','','9','10','','','','','666','2018',NULL,'0','0','0','','0','','no');
#TABLE: signaturepage
INSERT INTO `signaturepage` (`id`,`name`,`use`,`text`) VALUES ('1','exhibitordeclaration','1','The following section is to be read and signed by the exhibitor(s).\r\n\r\nI/We certify that:\r\n - The preparation of this project is mainly my/our own work.\r\n - I/We have read the rules and regulations and agree to abide by them.\r\n - I/We agree agree that the decision of the judges will be final.');
INSERT INTO `signaturepage` (`id`,`name`,`use`,`text`) VALUES ('2','parentdeclaration','1','The following is to be read and signed by the exhibitor(s) parent(s)/guardian(s).\r\nAs a parent/guardian I certify to the best of my knowledge and believe the information contained in this application is correct, and the project is the work of the student.  I also understand that the material used in the project is the responsibility of the student and that neither the school, the teacher, nor the regional fair can be held responsible for loss, damage, or theft, however caused. I further understand that all exhibits entered must be left on display until the end of the Fair. If my son/daughter does not remove the exhibit at the end of the Fair, the fair organizers or the owner of the exhibition hall cannot be responsible for the disposal of the exhibit.\r\n\r\nIf my son/daughter is awarded the honour of having his/her exhibit chosen for presentation at the Canada-Wide Science Fair, I consent to having him/her journey to the Fair, and will not hold the Fair responsible for any accident or mishap to the student or the exhibit.');
INSERT INTO `signaturepage` (`id`,`name`,`use`,`text`) VALUES ('3','teacherdeclaration','0','The following section is to be read and signed by the teacher.\r\n\r\nI certify that:\r\n - The preparation of this project is mainly the student(s)'' own work.\r\n - The student(s) have read the rules and regulations and agree to abide by them.\r\n - I agree that the decision of the judges will be final.');
INSERT INTO `signaturepage` (`id`,`name`,`use`,`text`) VALUES ('4','postamble','0','Please send the signed signature form and any required payment to: \n\n[Insert Address Here]');
INSERT INTO `signaturepage` (`id`,`name`,`use`,`text`) VALUES ('5','regfee','0','');
#TABLE: sponsors
#TABLE: students
#TABLE: tours
#TABLE: tours_choice
#TABLE: translations
#TABLE: users
INSERT INTO `users` (`id`,`uid`,`types`,`salutation`,`firstname`,`lastname`,`sex`,`username`,`password`,`passwordset`,`oldpassword`,`email`,`year`,`phonehome`,`phonework`,`phonecell`,`fax`,`organization`,`birthdate`,`lang`,`created`,`lastlogin`,`address`,`address2`,`city`,`province`,`postalcode`,`firstaid`,`cpr`,`deleted`,`deleteddatetime`) VALUES ('1','1','fair','','','',NULL,'kvGbxRTM','5kyYcbBAmf4Y','0000-00-00','','','0','','','','','','0000-00-00','','2009-10-22 12:56:09','0000-00-00 00:00:00','','','','','','no','no','no',NULL);
INSERT INTO `users` (`id`,`uid`,`types`,`salutation`,`firstname`,`lastname`,`sex`,`username`,`password`,`passwordset`,`oldpassword`,`email`,`year`,`phonehome`,`phonework`,`phonecell`,`fax`,`organization`,`birthdate`,`lang`,`created`,`lastlogin`,`address`,`address2`,`city`,`province`,`postalcode`,`firstaid`,`cpr`,`deleted`,`deleteddatetime`) VALUES ('2','2','fair','','','',NULL,'k5HPLPGm','EUuqF2J5HbGD','0000-00-00','','','0','','','','','','0000-00-00','','2009-10-22 12:56:09','0000-00-00 00:00:00','','','','','','no','no','no',NULL);
INSERT INTO `users` (`id`,`uid`,`types`,`salutation`,`firstname`,`lastname`,`sex`,`username`,`password`,`passwordset`,`oldpassword`,`email`,`year`,`phonehome`,`phonework`,`phonecell`,`fax`,`organization`,`birthdate`,`lang`,`created`,`lastlogin`,`address`,`address2`,`city`,`province`,`postalcode`,`firstaid`,`cpr`,`deleted`,`deleteddatetime`) VALUES ('3','3','committee','','Superuser','Account',NULL,'daveerickson@shaw.ca','ChiefJudge001','2017-09-02','vvmwD9U6E6Vj','daveerickson@shaw.ca','0','','','','','','0000-00-00','','2017-09-02 13:16:03','0000-00-00 00:00:00','','','','','','no','no','no',NULL);
INSERT INTO `users` (`id`,`uid`,`types`,`salutation`,`firstname`,`lastname`,`sex`,`username`,`password`,`passwordset`,`oldpassword`,`email`,`year`,`phonehome`,`phonework`,`phonecell`,`fax`,`organization`,`birthdate`,`lang`,`created`,`lastlogin`,`address`,`address2`,`city`,`province`,`postalcode`,`firstaid`,`cpr`,`deleted`,`deleteddatetime`) VALUES ('4','3','judge,committee','','Superuser','Account','','daveerickson@shaw.ca','ChiefJudge001','2017-09-02','vvmwD9U6E6Vj','daveerickson@shaw.ca','2018','403-488-9662','403-544-4048','403-594-3473','','DRDC','0000-00-00','en','2017-09-02 13:16:03','2017-11-21 19:23:09','1280 4 Ave','','Dunmore','AB','T1B 0J8','no','no','no',NULL);
INSERT INTO `users` (`id`,`uid`,`types`,`salutation`,`firstname`,`lastname`,`sex`,`username`,`password`,`passwordset`,`oldpassword`,`email`,`year`,`phonehome`,`phonework`,`phonecell`,`fax`,`organization`,`birthdate`,`lang`,`created`,`lastlogin`,`address`,`address2`,`city`,`province`,`postalcode`,`firstaid`,`cpr`,`deleted`,`deleteddatetime`) VALUES ('5','5','fair','','','',NULL,'seab.sciencefair@gmail.com','AMPfAtZccYnG','0000-00-00','','seab.sciencefair@gmail.com','2018','','','','','','0000-00-00','','2017-09-02 14:31:19','0000-00-00 00:00:00','','','','','','no','no','no',NULL);
INSERT INTO `users` (`id`,`uid`,`types`,`salutation`,`firstname`,`lastname`,`sex`,`username`,`password`,`passwordset`,`oldpassword`,`email`,`year`,`phonehome`,`phonework`,`phonecell`,`fax`,`organization`,`birthdate`,`lang`,`created`,`lastlogin`,`address`,`address2`,`city`,`province`,`postalcode`,`firstaid`,`cpr`,`deleted`,`deleteddatetime`) VALUES ('6','6','principal','','Mrs.','Deni Neigum',NULL,'*Mrs.Deni NeigumEqfqKXFZ','ez565tBGtn33','0000-00-00','','','2018','','','','','','0000-00-00','','2017-09-03 12:45:27','0000-00-00 00:00:00','','','','','','no','no','no',NULL);
INSERT INTO `users` (`id`,`uid`,`types`,`salutation`,`firstname`,`lastname`,`sex`,`username`,`password`,`passwordset`,`oldpassword`,`email`,`year`,`phonehome`,`phonework`,`phonecell`,`fax`,`organization`,`birthdate`,`lang`,`created`,`lastlogin`,`address`,`address2`,`city`,`province`,`postalcode`,`firstaid`,`cpr`,`deleted`,`deleteddatetime`) VALUES ('7','7','principal','','Mr.','Cody Edwards ',NULL,'*Mr.Cody Edwards 92Duy9JW','DHJ3s7r5nQu9','0000-00-00','','','2018','','','','','','0000-00-00','','2017-09-03 12:48:00','0000-00-00 00:00:00','','','','','','no','no','no',NULL);
INSERT INTO `users` (`id`,`uid`,`types`,`salutation`,`firstname`,`lastname`,`sex`,`username`,`password`,`passwordset`,`oldpassword`,`email`,`year`,`phonehome`,`phonework`,`phonecell`,`fax`,`organization`,`birthdate`,`lang`,`created`,`lastlogin`,`address`,`address2`,`city`,`province`,`postalcode`,`firstaid`,`cpr`,`deleted`,`deleteddatetime`) VALUES ('8','8','principal','','Ms.','Keri Gust',NULL,'*Ms.Keri GustZrPH4wwJ','Ryh6PdgFQ6Wm','0000-00-00','','','2018','','','','','','0000-00-00','','2017-09-03 13:24:43','0000-00-00 00:00:00','','','','','','no','no','no',NULL);
INSERT INTO `users` (`id`,`uid`,`types`,`salutation`,`firstname`,`lastname`,`sex`,`username`,`password`,`passwordset`,`oldpassword`,`email`,`year`,`phonehome`,`phonework`,`phonecell`,`fax`,`organization`,`birthdate`,`lang`,`created`,`lastlogin`,`address`,`address2`,`city`,`province`,`postalcode`,`firstaid`,`cpr`,`deleted`,`deleteddatetime`) VALUES ('9','9','principal','','Bauche,','Paul ',NULL,'*Bauche,Paul YUtQPnmb','Xkz69exhhBmB','0000-00-00','','Paul.Bauche@mhcbe.ab.ca','2018','','','','','','0000-00-00','','2017-09-03 14:37:32','0000-00-00 00:00:00','','','','','','no','no','no',NULL);
INSERT INTO `users` (`id`,`uid`,`types`,`salutation`,`firstname`,`lastname`,`sex`,`username`,`password`,`passwordset`,`oldpassword`,`email`,`year`,`phonehome`,`phonework`,`phonecell`,`fax`,`organization`,`birthdate`,`lang`,`created`,`lastlogin`,`address`,`address2`,`city`,`province`,`postalcode`,`firstaid`,`cpr`,`deleted`,`deleteddatetime`) VALUES ('10','10','teacher','','Michelle','Christensen',NULL,'Michelle.Christensen@mhcbe.ab.ca','EB6c9DydweRL','0000-00-00','','Michelle.Christensen@mhcbe.ab.ca','2018','','403-527-8161','','','','0000-00-00','','2017-09-03 14:37:32','0000-00-00 00:00:00','','','','','','no','no','no',NULL);
#TABLE: users_alumni
#TABLE: users_committee
INSERT INTO `users_committee` (`users_id`,`committee_active`,`committee_complete`,`emailprivate`,`ord`,`displayemail`,`access_admin`,`access_config`,`access_super`) VALUES ('3','yes','no','daveerickson@shaw.ca','0','no','yes','yes','yes');
INSERT INTO `users_committee` (`users_id`,`committee_active`,`committee_complete`,`emailprivate`,`ord`,`displayemail`,`access_admin`,`access_config`,`access_super`) VALUES ('4','yes','no','daveerickson@shaw.ca','0','no','yes','yes','yes');
#TABLE: users_fair
INSERT INTO `users_fair` (`users_id`,`fair_active`,`fair_complete`,`fairs_id`) VALUES ('1','yes','no','1');
INSERT INTO `users_fair` (`users_id`,`fair_active`,`fair_complete`,`fairs_id`) VALUES ('2','yes','no','2');
INSERT INTO `users_fair` (`users_id`,`fair_active`,`fair_complete`,`fairs_id`) VALUES ('5','yes','no','0');
#TABLE: users_judge
INSERT INTO `users_judge` (`users_id`,`judge_active`,`judge_complete`,`years_school`,`years_regional`,`years_national`,`willing_chair`,`special_award_only`,`cat_prefs`,`div_prefs`,`divsub_prefs`,`languages`,`highest_psd`,`expertise_other`) VALUES ('0','no','no','0','0','0','no','no','','','','','','');
INSERT INTO `users_judge` (`users_id`,`judge_active`,`judge_complete`,`years_school`,`years_regional`,`years_national`,`willing_chair`,`special_award_only`,`cat_prefs`,`div_prefs`,`divsub_prefs`,`languages`,`highest_psd`,`expertise_other`) VALUES ('4','yes','yes','4','0','0','yes','no','a:3:{i:1;s:1:"1";i:2;s:1:"1";i:3;s:1:"1";}','','','a:1:{i:0;s:2:"en";}','Master''s Science','');
#TABLE: users_mentor
#TABLE: users_parent
#TABLE: users_principal
INSERT INTO `users_principal` (`users_id`,`principal_active`,`principal_complete`) VALUES ('6','no','no');
INSERT INTO `users_principal` (`users_id`,`principal_active`,`principal_complete`) VALUES ('7','no','no');
INSERT INTO `users_principal` (`users_id`,`principal_active`,`principal_complete`) VALUES ('8','no','no');
INSERT INTO `users_principal` (`users_id`,`principal_active`,`principal_complete`) VALUES ('9','no','no');
#TABLE: users_sponsor
#TABLE: users_teacher
INSERT INTO `users_teacher` (`users_id`,`teacher_active`,`teacher_complete`) VALUES ('10','no','no');
#TABLE: users_volunteer
#TABLE: volunteer_positions
#TABLE: volunteer_positions_signup
#TABLE: winners
